{
  "sirt_k1": {
    "math": 0.1919820470927951,
    "eq": 0.0,
    "combined": 9.599102354639754
  },
  "sirt_k2": {
    "math": 0.17276411591758079,
    "eq": 0.0,
    "combined": 8.638205795879038
  },
  "sirt_k3": {
    "math": 0.05813847451517888,
    "eq": 0.0,
    "combined": 2.906923725758944
  },
  "dense_k1": {
    "math": 0.17197595725328646,
    "eq": 0.0,
    "combined": 8.598797862664323
  }
}