{
  "model": "/data/ai/models/nlp/llama/models_llama3/Meta-Llama-3-8B-Instruct-hf",
  "name": "llama3_8b",
  "core": [
    10,
    13
  ],
  "rank_attn": 8,
  "rank_ffn": 4,
  "steps": 320,
  "warmup": 80,
  "baseline": {
    "math": 0.6723633835669293,
    "eq": 58.889294866891305,
    "combined": 63.062816611792115
  },
  "pre_k2": {
    "math": 0.6437250895178367,
    "eq": 59.47673213842643,
    "combined": 61.92462054510505
  },
  "post_k1": {
    "math": 0.6723633835669293,
    "eq": 58.889294866891305,
    "combined": 63.062816611792115
  },
  "post_k2": {
    "math": 0.645301799318854,
    "eq": 44.04380505245262,
    "combined": 54.286992492169006
  },
  "post_k2_whisper": {
    "math": 0.6146233929153682,
    "eq": 56.42033928067318,
    "combined": 58.941339286105
  },
  "k1_preserved": true,
  "k2_improves": false,
  "best_config": "K=2+whisper",
  "best_delta": -4.121477325687117
}