{
  "model": "/data/ai/models/nlp/llama/models_llama3/Meta-Llama-3-8B-Instruct-hf",
  "name": "llama3_8b",
  "core": [
    10,
    13
  ],
  "baseline": {
    "math": 0.6723633835669293,
    "eq": 58.889294866891305,
    "combined": 63.062816611792115
  },
  "pre_k2": {
    "math": 0.6437250895178367,
    "eq": 59.47673213842643,
    "combined": 61.92462054510505
  },
  "post_k1": {
    "math": 0.6723633835669293,
    "eq": 58.889294866891305,
    "combined": 63.062816611792115
  },
  "post_k2": {
    "math": 0.6321499001763244,
    "eq": 40.243945080589086,
    "combined": 51.729467549110765
  }
}