{
  "baseline": {
    "math": 0.6863914022591868,
    "eq": 58.889294866891305,
    "combined": 63.76421754640499
  },
  "post_k1": {
    "math": 0.6723633835669293,
    "eq": 54.18922752925162,
    "combined": 60.71278294297227
  },
  "post_k2_full": {
    "math": 0.6453957028938306,
    "eq": 65.2228898155145,
    "combined": 64.88123005244879
  },
  "post_k2_whisper": {
    "math": 0.27305331612667444,
    "eq": 0.0,
    "combined": 13.652665806333722
  },
  "best_config": "full",
  "lm_eval_scores": {
    "leaderboard_bbh/acc_norm,none": 0.4851598173515982,
    "leaderboard_bbh/acc_norm_stderr,none": 0.015931754885778807,
    "leaderboard_bbh_boolean_expressions/acc_norm,none": 0.7631578947368421,
    "leaderboard_bbh_boolean_expressions/acc_norm_stderr,none": 0.06989334006042332,
    "leaderboard_bbh_causal_judgement/acc_norm,none": 0.6206896551724138,
    "leaderboard_bbh_causal_judgement/acc_norm_stderr,none": 0.09169709590633639,
    "leaderboard_bbh_date_understanding/acc_norm,none": 0.6578947368421053,
    "leaderboard_bbh_date_understanding/acc_norm_stderr,none": 0.07799328662681833,
    "leaderboard_bbh_disambiguation_qa/acc_norm,none": 0.631578947368421,
    "leaderboard_bbh_disambiguation_qa/acc_norm_stderr,none": 0.07930218984219833,
    "leaderboard_bbh_formal_fallacies/acc_norm,none": 0.5,
    "leaderboard_bbh_formal_fallacies/acc_norm_stderr,none": 0.08219949365267865,
    "leaderboard_bbh_geometric_shapes/acc_norm,none": 0.21052631578947367,
    "leaderboard_bbh_geometric_shapes/acc_norm_stderr,none": 0.06702258315442242,
    "leaderboard_bbh_hyperbaton/acc_norm,none": 0.5526315789473685,
    "leaderboard_bbh_hyperbaton/acc_norm_stderr,none": 0.08174282626554191,
    "leaderboard_bbh_logical_deduction_five_objects/acc_norm,none": 0.34210526315789475,
    "leaderboard_bbh_logical_deduction_five_objects/acc_norm_stderr,none": 0.07799328662681833,
    "leaderboard_bbh_logical_deduction_seven_objects/acc_norm,none": 0.2631578947368421,
    "leaderboard_bbh_logical_deduction_seven_objects/acc_norm_stderr,none": 0.0723926637268818,
    "leaderboard_bbh_logical_deduction_three_objects/acc_norm,none": 0.5789473684210527,
    "leaderboard_bbh_logical_deduction_three_objects/acc_norm_stderr,none": 0.08116837904800629,
    "leaderboard_bbh_movie_recommendation/acc_norm,none": 0.6052631578947368,
    "leaderboard_bbh_movie_recommendation/acc_norm_stderr,none": 0.0803572542664568,
    "leaderboard_bbh_navigate/acc_norm,none": 0.7631578947368421,
    "leaderboard_bbh_navigate/acc_norm_stderr,none": 0.06989334006042332,
    "leaderboard_bbh_object_counting/acc_norm,none": 0.47368421052631576,
    "leaderboard_bbh_object_counting/acc_norm_stderr,none": 0.08208556498579522,
    "leaderboard_bbh_penguins_in_a_table/acc_norm,none": 0.5,
    "leaderboard_bbh_penguins_in_a_table/acc_norm_stderr,none": 0.10910894511799618,
    "leaderboard_bbh_reasoning_about_colored_objects/acc_norm,none": 0.5526315789473685,
    "leaderboard_bbh_reasoning_about_colored_objects/acc_norm_stderr,none": 0.08174282626554191,
    "leaderboard_bbh_ruin_names/acc_norm,none": 0.5789473684210527,
    "leaderboard_bbh_ruin_names/acc_norm_stderr,none": 0.08116837904800629,
    "leaderboard_bbh_salient_translation_error_detection/acc_norm,none": 0.5,
    "leaderboard_bbh_salient_translation_error_detection/acc_norm_stderr,none": 0.08219949365267865,
    "leaderboard_bbh_snarks/acc_norm,none": 0.6296296296296297,
    "leaderboard_bbh_snarks/acc_norm_stderr,none": 0.09470524295495535,
    "leaderboard_bbh_sports_understanding/acc_norm,none": 0.6842105263157895,
    "leaderboard_bbh_sports_understanding/acc_norm_stderr,none": 0.07641750223933595,
    "leaderboard_bbh_temporal_sequences/acc_norm,none": 0.18421052631578946,
    "leaderboard_bbh_temporal_sequences/acc_norm_stderr,none": 0.06373021861834362,
    "leaderboard_bbh_tracking_shuffled_objects_five_objects/acc_norm,none": 0.21052631578947367,
    "leaderboard_bbh_tracking_shuffled_objects_five_objects/acc_norm_stderr,none": 0.06702258315442244,
    "leaderboard_bbh_tracking_shuffled_objects_seven_objects/acc_norm,none": 0.15789473684210525,
    "leaderboard_bbh_tracking_shuffled_objects_seven_objects/acc_norm_stderr,none": 0.05994682078436836,
    "leaderboard_bbh_tracking_shuffled_objects_three_objects/acc_norm,none": 0.2894736842105263,
    "leaderboard_bbh_tracking_shuffled_objects_three_objects/acc_norm_stderr,none": 0.07455791696866067,
    "leaderboard_bbh_web_of_lies/acc_norm,none": 0.47368421052631576,
    "leaderboard_bbh_web_of_lies/acc_norm_stderr,none": 0.08208556498579525,
    "leaderboard_math_hard/exact_match,none": 0.07425742574257425,
    "leaderboard_math_hard/exact_match_stderr,none": 0.018278156907558005,
    "leaderboard_math_algebra_hard/exact_match,none": 0.1702127659574468,
    "leaderboard_math_algebra_hard/exact_match_stderr,none": 0.055411578656325386,
    "leaderboard_math_algebra_hard/exact_match_original,none": 0.1702127659574468,
    "leaderboard_math_algebra_hard/exact_match_original_stderr,none": 0.055411578656325386,
    "leaderboard_math_counting_and_prob_hard/exact_match,none": 0.05263157894736842,
    "leaderboard_math_counting_and_prob_hard/exact_match_stderr,none": 0.052631578947368404,
    "leaderboard_math_counting_and_prob_hard/exact_match_original,none": 0.05263157894736842,
    "leaderboard_math_counting_and_prob_hard/exact_match_original_stderr,none": 0.052631578947368404,
    "leaderboard_math_geometry_hard/exact_match,none": 0.05,
    "leaderboard_math_geometry_hard/exact_match_stderr,none": 0.04999999999999999,
    "leaderboard_math_geometry_hard/exact_match_original,none": 0.0,
    "leaderboard_math_geometry_hard/exact_match_original_stderr,none": 0.0,
    "leaderboard_math_intermediate_algebra_hard/exact_match,none": 0.023809523809523808,
    "leaderboard_math_intermediate_algebra_hard/exact_match_stderr,none": 0.0238095238095238,
    "leaderboard_math_intermediate_algebra_hard/exact_match_original,none": 0.023809523809523808,
    "leaderboard_math_intermediate_algebra_hard/exact_match_original_stderr,none": 0.0238095238095238,
    "leaderboard_math_num_theory_hard/exact_match,none": 0.041666666666666664,
    "leaderboard_math_num_theory_hard/exact_match_stderr,none": 0.04166666666666667,
    "leaderboard_math_num_theory_hard/exact_match_original,none": 0.041666666666666664,
    "leaderboard_math_num_theory_hard/exact_match_original_stderr,none": 0.04166666666666667,
    "leaderboard_math_prealgebra_hard/exact_match,none": 0.10344827586206896,
    "leaderboard_math_prealgebra_hard/exact_match_stderr,none": 0.057553307613536574,
    "leaderboard_math_prealgebra_hard/exact_match_original,none": 0.10344827586206896,
    "leaderboard_math_prealgebra_hard/exact_match_original_stderr,none": 0.057553307613536574,
    "leaderboard_math_precalculus_hard/exact_match,none": 0.0,
    "leaderboard_math_precalculus_hard/exact_match_stderr,none": 0.0,
    "leaderboard_math_precalculus_hard/exact_match_original,none": 0.0,
    "leaderboard_math_precalculus_hard/exact_match_original_stderr,none": 0.0,
    "leaderboard_mmlu_pro/acc,none": 0.27922437673130196,
    "leaderboard_mmlu_pro/acc_stderr,none": 0.01056229866495746,
    "leaderboard_musr/acc_norm,none": 0.3826086956521739,
    "leaderboard_musr/acc_norm_stderr,none": 0.045078209762941156,
    "leaderboard_musr_murder_mysteries/acc_norm,none": 0.47368421052631576,
    "leaderboard_musr_murder_mysteries/acc_norm_stderr,none": 0.08208556498579522,
    "leaderboard_musr_object_placements/acc_norm,none": 0.2564102564102564,
    "leaderboard_musr_object_placements/acc_norm_stderr,none": 0.07083413480167725,
    "leaderboard_musr_team_allocation/acc_norm,none": 0.42105263157894735,
    "leaderboard_musr_team_allocation/acc_norm_stderr,none": 0.08116837904800629
  }
}