{
  "config": [
    50,
    60
  ],
  "model": "/blue/cis4914/jietao/DeepPass/models/full/calme-2.1-qwen2-72b-dup-50-60",
  "baseline": 0.6301279175373933,
  "pre_ft": 0.7841958610155773,
  "pre_delta": 0.15406794347818398,
  "post_ft": 0.7046274932751184,
  "post_delta": 0.07449957573772514,
  "ft_gain": -0.07956836774045883,
  "is_good_config": true,
  "junction_layers": [
    59,
    60,
    69,
    70
  ],
  "trainable": 3510738944,
  "trainable_pct": 4.308913322478863,
  "steps": 100,
  "final_loss": 0.246826171875,
  "losses": [
    8.73046875,
    8.7265625,
    8.7265625,
    8.69921875,
    8.62109375,
    8.546875,
    8.4453125,
    8.19140625,
    7.9453125,
    7.67578125,
    7.41796875,
    7.1796875,
    6.93359375,
    6.6484375,
    6.33203125,
    5.98828125,
    5.640625,
    5.296875,
    4.951171875,
    4.623046875,
    4.306640625,
    4.01171875,
    3.720703125,
    3.453125,
    3.1953125,
    2.94921875,
    2.71875,
    2.5078125,
    2.30078125,
    2.1103515625,
    1.9375,
    1.7734375,
    1.6220703125,
    1.4873046875,
    1.35888671875,
    1.2431640625,
    1.13525390625,
    1.03515625,
    0.9462890625,
    0.86279296875,
    0.79052734375,
    0.7236328125,
    0.666015625,
    0.614501953125,
    0.570068359375,
    0.53076171875,
    0.498779296875,
    0.470703125,
    0.447998046875,
    0.426513671875,
    0.4083251953125,
    0.3905029296875,
    0.3748779296875,
    0.3594970703125,
    0.34619140625,
    0.334228515625,
    0.3218994140625,
    0.3125,
    0.303955078125,
    0.296142578125,
    0.289306640625,
    0.28369140625,
    0.2777099609375,
    0.2733154296875,
    0.27001953125,
    0.2672119140625,
    0.264892578125,
    0.2623291015625,
    0.2601318359375,
    0.2584228515625,
    0.256103515625,
    0.25439453125,
    0.2529296875,
    0.2520751953125,
    0.2510986328125,
    0.2501220703125,
    0.25,
    0.2496337890625,
    0.2486572265625,
    0.2484130859375,
    0.248291015625,
    0.2479248046875,
    0.24755859375,
    0.2470703125,
    0.2470703125,
    0.2470703125,
    0.2469482421875,
    0.246826171875,
    0.246826171875,
    0.246826171875,
    0.246826171875,
    0.246826171875,
    0.246826171875,
    0.246826171875,
    0.246826171875,
    0.246826171875,
    0.246826171875,
    0.246826171875,
    0.246826171875,
    0.246826171875
  ]
}