{
  "config1": {
    "config": "wide_core_8_16",
    "core": [
      8,
      16
    ],
    "steps": 500,
    "baseline": {
      "math": 0.6863914022591868,
      "eq": 58.889294866891305,
      "combined": 63.76421754640499
    },
    "pre_k2": {
      "math": 0.5150199266472113,
      "eq": 41.851063303669214,
      "combined": 46.676527984195175
    },
    "post_k1": {
      "math": 0.7258707436953031,
      "eq": 55.20041273447616,
      "combined": 63.89374355200324
    },
    "post_k2": {
      "math": 0.5863716465334499,
      "eq": 41.46652602230246,
      "combined": 50.05184533782372
    }
  },
  "config2": {
    "config": "long_train_10_13",
    "core": [
      10,
      13
    ],
    "steps": 1000,
    "baseline": {
      "math": 0.6863914022591868,
      "eq": 58.889294866891305,
      "combined": 63.76421754640499
    },
    "post_k1": {
      "math": 0.6569341301811101,
      "eq": 55.949828297453976,
      "combined": 60.821620657782496
    },
    "post_k2": {
      "math": 0.6438738636192411,
      "eq": 67.29860997787485,
      "combined": 65.84299816989949
    },
    "post_k3": {
      "math": 0.6215528639291934,
      "eq": 63.048025540852635,
      "combined": 62.601655966885986
    }
  },
  "config3": {
    "config": "dual_zone_4_7_10_13",
    "steps": 500,
    "baseline": {
      "math": 0.6863914022591868,
      "eq": 58.889294866891305,
      "combined": 63.76421754640499
    },
    "post_k1": {
      "math": 0.7365749186883529,
      "eq": 53.43981196627381,
      "combined": 63.54865191755455
    },
    "post_dual_k2": {
      "math": 0.6513772376517188,
      "eq": 58.68783037359617,
      "combined": 61.91277706938403
    }
  }
}