{
  "baseline_score": 0.5343899465628633,
  "num_layers": 28,
  "results": {
    "0,1": {
      "score": 0.6202691019002896,
      "delta": 0.0858791553374263,
      "dup_count": 1
    },
    "0,3": {
      "score": 0.6042061952161133,
      "delta": 0.06981624865324998,
      "dup_count": 3
    },
    "0,5": {
      "score": 0.48963053402743273,
      "delta": -0.04475941253543059,
      "dup_count": 5
    },
    "0,7": {
      "score": 0.6286566528392316,
      "delta": 0.09426670627636824,
      "dup_count": 7
    },
    "0,9": {
      "score": 0.5868544409364315,
      "delta": 0.05246449437356815,
      "dup_count": 9
    },
    "0,11": {
      "score": 0.6320110961330757,
      "delta": 0.0976211495702124,
      "dup_count": 11
    },
    "0,13": {
      "score": 0.5860034044947928,
      "delta": 0.05161345793192951,
      "dup_count": 13
    },
    "2,3": {
      "score": 0.5165602789432696,
      "delta": -0.017829667619593703,
      "dup_count": 1
    },
    "2,5": {
      "score": 0.4342795784071054,
      "delta": -0.10011036815575791,
      "dup_count": 3
    },
    "2,7": {
      "score": 0.4883894063701426,
      "delta": -0.04600054019272071,
      "dup_count": 5
    },
    "2,9": {
      "score": 0.41481160092138775,
      "delta": -0.11957834564147557,
      "dup_count": 7
    },
    "2,11": {
      "score": 0.4104837774592529,
      "delta": -0.12390616910361041,
      "dup_count": 9
    },
    "2,13": {
      "score": 0.3015737314823223,
      "delta": -0.232816215080541,
      "dup_count": 11
    },
    "2,15": {
      "score": 0.3253502308995263,
      "delta": -0.209039715663337,
      "dup_count": 13
    },
    "4,5": {
      "score": 0.43129598217469817,
      "delta": -0.10309396438816515,
      "dup_count": 1
    },
    "4,7": {
      "score": 0.27589857644108334,
      "delta": -0.25849137012178,
      "dup_count": 3
    },
    "4,9": {
      "score": 0.27378283939065245,
      "delta": -0.26060710717221086,
      "dup_count": 5
    },
    "4,11": {
      "score": 0.39651005478292634,
      "delta": -0.13787989177993698,
      "dup_count": 7
    },
    "4,13": {
      "score": 0.37831892989559324,
      "delta": -0.15607101666727008,
      "dup_count": 9
    },
    "4,15": {
      "score": 0.3395375277386938,
      "delta": -0.19485241882416954,
      "dup_count": 11
    },
    "4,17": {
      "score": 0.32887480980525713,
      "delta": -0.2055151367576062,
      "dup_count": 13
    },
    "6,7": {
      "score": 0.5431628802095141,
      "delta": 0.008772933646650771,
      "dup_count": 1
    },
    "6,9": {
      "score": 0.5897165783683092,
      "delta": 0.055326631805445836,
      "dup_count": 3
    },
    "6,11": {
      "score": 0.6361641685390373,
      "delta": 0.10177422197617403,
      "dup_count": 5
    },
    "6,13": {
      "score": 0.6344148113138138,
      "delta": 0.10002486475095052,
      "dup_count": 7
    },
    "6,15": {
      "score": 0.6923668038462534,
      "delta": 0.15797685728339006,
      "dup_count": 9
    },
    "6,17": {
      "score": 0.6835763986352903,
      "delta": 0.14918645207242698,
      "dup_count": 11
    },
    "6,19": {
      "score": 0.5098128745835846,
      "delta": -0.02457707197927872,
      "dup_count": 13
    },
    "8,9": {
      "score": 0.5546636376853882,
      "delta": 0.02027369112252486,
      "dup_count": 1
    },
    "8,11": {
      "score": 0.6430124812575724,
      "delta": 0.10862253469470906,
      "dup_count": 3
    },
    "8,13": {
      "score": 0.679196099062606,
      "delta": 0.1448061524997427,
      "dup_count": 5
    },
    "8,15": {
      "score": 0.7183992539910072,
      "delta": 0.18400930742814392,
      "dup_count": 7
    },
    "8,17": {
      "score": 0.6064540988878327,
      "delta": 0.07206415232496943,
      "dup_count": 9
    },
    "8,19": {
      "score": 0.5150654936663752,
      "delta": -0.019324452896488098,
      "dup_count": 11
    },
    "8,21": {
      "score": 0.624164238614509,
      "delta": 0.08977429205164567,
      "dup_count": 13
    },
    "10,11": {
      "score": 0.7914545417560247,
      "delta": 0.2570645951931614,
      "dup_count": 1
    },
    "10,13": {
      "score": 0.5592448554544436,
      "delta": 0.024854908891580263,
      "dup_count": 3
    },
    "10,15": {
      "score": 0.6187627445805185,
      "delta": 0.08437279801765518,
      "dup_count": 5
    },
    "10,17": {
      "score": 0.5298258622701679,
      "delta": -0.004564084292695392,
      "dup_count": 7
    },
    "10,19": {
      "score": 0.41132122921227077,
      "delta": -0.12306871735059255,
      "dup_count": 9
    },
    "10,21": {
      "score": 0.5552278262241557,
      "delta": 0.020837879661292358,
      "dup_count": 11
    },
    "10,23": {
      "score": 0.6704507287605549,
      "delta": 0.13606078219769158,
      "dup_count": 13
    },
    "12,13": {
      "score": 0.6379040687732168,
      "delta": 0.1035141222103535,
      "dup_count": 1
    },
    "12,15": {
      "score": 0.4165642184886437,
      "delta": -0.1178257280742196,
      "dup_count": 3
    },
    "12,17": {
      "score": 0.5072992476759334,
      "delta": -0.027090698886929943,
      "dup_count": 5
    },
    "12,19": {
      "score": 0.43523981253978583,
      "delta": -0.09915013402307749,
      "dup_count": 7
    },
    "12,21": {
      "score": 0.5524309882457962,
      "delta": 0.018041041682932857,
      "dup_count": 9
    },
    "12,23": {
      "score": 0.5839548427458078,
      "delta": 0.04956489618294446,
      "dup_count": 11
    },
    "12,25": {
      "score": 0.5071776825075313,
      "delta": -0.02721226405533206,
      "dup_count": 13
    },
    "14,15": {
      "score": 0.5445552084437704,
      "delta": 0.01016526188090705,
      "dup_count": 1
    },
    "14,17": {
      "score": 0.50067620865839,
      "delta": -0.033713737904473295,
      "dup_count": 3
    },
    "14,19": {
      "score": 0.5027268336774678,
      "delta": -0.03166311288539547,
      "dup_count": 5
    },
    "14,21": {
      "score": 0.6264149860794052,
      "delta": 0.09202503951654184,
      "dup_count": 7
    },
    "14,23": {
      "score": 0.6461612395776054,
      "delta": 0.11177129301474209,
      "dup_count": 9
    },
    "14,25": {
      "score": 0.6390108145338347,
      "delta": 0.10462086797097137,
      "dup_count": 11
    },
    "14,27": {
      "score": 0.7241777258144639,
      "delta": 0.18978777925160062,
      "dup_count": 13
    },
    "16,17": {
      "score": 0.6267706054201189,
      "delta": 0.09238065885725555,
      "dup_count": 1
    },
    "16,19": {
      "score": 0.440006943319979,
      "delta": -0.09438300324288429,
      "dup_count": 3
    },
    "16,21": {
      "score": 0.7525536632789759,
      "delta": 0.21816371671611257,
      "dup_count": 5
    },
    "16,23": {
      "score": 0.6830770381100051,
      "delta": 0.14868709154714177,
      "dup_count": 7
    },
    "16,25": {
      "score": 0.5976873613701078,
      "delta": 0.06329741480724449,
      "dup_count": 9
    },
    "16,27": {
      "score": 0.7171586091746683,
      "delta": 0.18276866261180502,
      "dup_count": 11
    },
    "18,19": {
      "score": 0.6735756691544909,
      "delta": 0.13918572259162754,
      "dup_count": 1
    },
    "18,21": {
      "score": 0.7692787173218587,
      "delta": 0.2348887707589954,
      "dup_count": 3
    },
    "18,23": {
      "score": 0.7156188008937369,
      "delta": 0.18122885433087355,
      "dup_count": 5
    },
    "18,25": {
      "score": 0.657027847295248,
      "delta": 0.12263790073238467,
      "dup_count": 7
    },
    "18,27": {
      "score": 0.752313159806348,
      "delta": 0.21792321324348474,
      "dup_count": 9
    },
    "20,21": {
      "score": 0.7064390765726728,
      "delta": 0.17204913000980948,
      "dup_count": 1
    },
    "20,23": {
      "score": 0.5191609787579599,
      "delta": -0.01522896780490346,
      "dup_count": 3
    },
    "20,25": {
      "score": 0.5490065116004273,