{
  "exp1_block_10_11": {
    "block": [
      10,
      11
    ],
    "block_size": 1,
    "baseline_score": 0.5343899465628633,
    "results": {
      "1": {
        "n_passes": 1,
        "total_layers": 28,
        "extra_layers": 0,
        "extra_parity": "EVEN",
        "total_parity": "EVEN",
        "score": 0.5343899465628633,
        "scores": [
          0.3956160028990193,
          0.029397034156344603,
          0.03701438789037929,
          0.01985379261730403,
          0.8749999999999912,
          0.28571428565714446,
          0.9991906110886281,
          0.22222220317406585,
          0.999317082186229,
          0.23809523809523792,
          1.0,
          0.17446812673726006,
          0.58333275,
          1.0,
          1.0,
          0.6910176305042092
        ],
        "elapsed": 148.2295904159546
      },
      "2": {
        "n_passes": 2,
        "total_layers": 29,
        "extra_layers": 1,
        "extra_parity": "ODD",
        "total_parity": "ODD",
        "score": 0.7914545417560247,
        "scores": [
          0.3961986257444975,
          0.3695786047329991,
          0.9982520804043014,
          0.08896652463723781,
          0.8749999124999737,
          0.8999999998200026,
          0.9991906110886281,
          0.9333332775735043,
          0.9222890910929541,
          0.8823529411764691,
          1.0,
          0.916640928272176,
          0.58333275,
          1.0,
          0.8,
          0.9981373210536506
        ],
        "elapsed": 49.54469966888428
      },
      "3": {
        "n_passes": 3,
        "total_layers": 30,
        "extra_layers": 2,
        "extra_parity": "EVEN",
        "total_parity": "EVEN",
        "score": 0.7327545912940405,
        "scores": [
          0.3951810125062014,
          0.460282677769256,
          0.8281497384453649,
          0.07818044560970738,
          1.0,
          0.8333333332905384,
          0.3163356822549648,
          0.7777777333318773,
          0.9991464886111493,
          0.9374999831250002,
          1.0,
          0.9065809583787723,
          0.58333275,
          0.8138020833333334,
          0.8,
          0.9944705740484817
        ],
        "elapsed": 47.8148627281189
      },
      "4": {
        "n_passes": 4,
        "total_layers": 31,
        "extra_layers": 3,
        "extra_parity": "ODD",
        "total_parity": "ODD",
        "score": 0.5876734156450153,
        "scores": [
          0.39619280972032644,
          0.7988020820954057,
          0.827525933807045,
          0.07818044560970738,
          0.49999995,
          0.7773165295614125,
          0.31627084774421643,
          0.8571072712686372,
          0.7494075788491492,
          0.8666666510669702,
          0.9285714285714286,
          0.6312969939445963,
          0.11111100000000006,
          0.18189894035458562,
          0.49995,
          0.8824761877267647
        ],
        "elapsed": 47.047295570373535
      },
      "5": {
        "n_passes": 5,
        "total_layers": 32,
        "extra_layers": 4,
        "extra_parity": "EVEN",
        "total_parity": "EVEN",
        "score": 0.44341287741192137,
        "scores": [
          0.15979658816386055,
          0.34904070459414427,
          0.5066306949880306,
          0.19980826333777238,
          0.49999995,
          0.6076666954621649,
          0.3162222392991624,
          0.7130977667060231,
          0.7326177216590634,
          0.6249943869373877,
          0.15555555555555553,
          0.3618033205257751,
          0.6000036000252003,
          0.04736951571734,
          0.6666033269993666,
          0.5533957086198957
        ],
        "elapsed": 51.35675859451294
      },
      "6": {
        "n_passes": 6,
        "total_layers": 33,
        "extra_layers": 5,
        "extra_parity": "ODD",
        "total_parity": "ODD",
        "score": 0.4501269905987345,
        "scores": [
          0.4715539455006594,
          0.22288820122193134,
          0.4223284062266469,
          0.3905747778408017,
          0.8571387428563114,
          0.3206907479142772,
          0.3162222392991624,
          0.7835848245455944,
          0.4870340218025001,
          0.3997143960640123,
          0.07777777777777777,
          0.26730659438921955,
          0.5000495049504952,
          0.113686837721616,
          0.7992799279927993,
          0.7722009034759485
        ],
        "elapsed": 53.557069063186646
      }
    }
  },
  "exp2_block_18_21": {
    "block": [
      18,
      21
    ],
    "block_size": 3,
    "baseline_score": 0.5343899465628633,
    "results": {
      "1": {
        "n_passes": 1,
        "total_layers": 28,
        "extra_layers": 0,
        "extra_parity": "EVEN",
        "total_parity": "EVEN",
        "score": 0.5343899465628633,
        "scores": [
          0.3956160028990193,
          0.029397034156344603,
          0.03701438789037929,
          0.01985379261730403,
          0.8749999999999912,
          0.28571428565714446,
          0.9991906110886281,
          0.22222220317406585,
          0.999317082186229,
          0.23809523809523792,
          1.0,
          0.17446812673726006,
          0.58333275,
          1.0,
          1.0,
          0.6910176305042092
        ],
        "elapsed": 48.66722393035889
      },
      "2": {
        "n_passes": 2,
        "total_layers": 31,
        "extra_layers": 3,
        "extra_parity": "ODD",
        "total_parity": "ODD",
        "score": 0.7692787173218587,
        "scores": [
          0.8286781756456523,
          0.4599802912515055,
          0.484591708781396,
          0.24937729660410862,
          0.8749999999999912,
          0.28503731948408245,
          1.0,
          0.9332265988654344,
          0.8565641530496778,
          0.9374999999999992,
          1.0,
          0.9980971564253079,
          0.58333275,
          1.0,
          0.9994999499949995,
          0.8175740770475853
        ],
        "elapsed": 64.97551774978638
      },
      "3": {
        "n_passes": 3,
        "total_layers": 34,
        "extra_layers": 6,
        "extra_parity": "EVEN",
        "total_parity": "EVEN",
        "score": 0.6236956655489257,
        "scores": [
          0.3928915827588227,
          0.3134967864794097,
          0.40095755595242616,
          0.24937729660410862,
          0.9322964827555762,
          0.2811857168409895,
          0.25316585490899773,
          0.9200000788593727,
          0.9991960400305108,
          0.9374999999999992,
          0.17948717948717954,
          0.999848967149798,
          0.6363630000090909,
          0.5844000361444106,
          0.998999899989999,
          0.8999641708121219
        ],
        "elapsed": 75.23962378501892
      },
      "4": {
        "n_passes": 4,
        "total_layers": 37,
        "extra_layers": 9,
        "extra_parity": "ODD",
        "total_parity": "ODD",
        "score": 0.518343381617244,
        "scores": [
          0.3917468678851324,
          0.31730540347536296,
          0.4052133601854315,
          0.023487162504154308,
          0.932296482755593,
          0.9356727882940498,
          0.3428690459658381,
          0.8400000720020365,
          0.3363214454614235,
          0.8760499786134599,
          0.27450980392156865,
          0.9039903294928597,
          0.6060612121157576,
          0.22860888330694656,
          0.7984798479847985,
          0.08088142191149178
        ],
        "elapsed": 80.64758086204529
      }
    }
  },
  "exp3_multi_block": {
    "block1": [
      10,
      11
    ],
    "block2": [
      14,
      27
    ],
    "baseline_score": 0.5343899465628633,
    "results": {
      "standard_2x2": {
        "block1": [
          10,
          11
        ],
        "block1_passes": 2,
        "block2": [
          14,
          27
        ],
        "block2_passes": 2,
        "total_layers": 42,
        "extra_b1": 1,
        "extra_b2": 13,
        "total_extra": 14,