{
  "num_layers": 28,
  "results": {
    "0,1": {
      "displacement_rho": 0.23177929753295767,
      "residual": 355.35314178466797,
      "perturbation_rho": 451.329478149752,
      "displacement_rho_std": 0.14603012239261226
    },
    "2,3": {
      "displacement_rho": 0.1174223281897204,
      "residual": 186.49223613739014,
      "perturbation_rho": 445.99523133618027,
      "displacement_rho_std": 0.0525020817725805
    },
    "4,5": {
      "displacement_rho": 0.270415746184422,
      "residual": 423.9000701904297,
      "perturbation_rho": 436.6197159779866,
      "displacement_rho_std": 0.11161421563617117
    },
    "6,7": {
      "displacement_rho": 0.27158938082074674,
      "residual": 423.17634773254395,
      "perturbation_rho": 432.58815959266593,
      "displacement_rho_std": 0.17338218198490832
    },
    "8,9": {
      "displacement_rho": 0.20799980876332702,
      "residual": 329.5432548522949,
      "perturbation_rho": 459.3271660265183,
      "displacement_rho_std": 0.09934623637498567
    },
    "10,11": {
      "displacement_rho": 0.15490734098883757,
      "residual": 242.3213005065918,
      "perturbation_rho": 439.5772100669103,
      "displacement_rho_std": 0.07952929832437665
    },
    "12,13": {
      "displacement_rho": 0.1905463765967329,
      "residual": 300.38000679016113,
      "perturbation_rho": 419.4482991696418,
      "displacement_rho_std": 0.06467869252000008
    },
    "14,15": {
      "displacement_rho": 0.15683490594197952,
      "residual": 241.23430824279785,
      "perturbation_rho": 496.8661319777058,
      "displacement_rho_std": 0.07811874955840632
    },
    "16,17": {
      "displacement_rho": 0.13511307888916324,
      "residual": 208.47608852386475,
      "perturbation_rho": 445.97088104121633,
      "displacement_rho_std": 0.07580306674311046
    },
    "18,19": {
      "displacement_rho": 0.16233674003948317,
      "residual": 250.83994102478027,
      "perturbation_rho": 429.82487818493024,
      "displacement_rho_std": 0.08840851184146184
    },
    "20,21": {
      "displacement_rho": 0.18563264007104785,
      "residual": 283.0120258331299,
      "perturbation_rho": 466.0943708969006,
      "displacement_rho_std": 0.09499677567061734
    },
    "22,23": {
      "displacement_rho": 0.23431054570388604,
      "residual": 367.4792060852051,
      "perturbation_rho": 486.1132095913624,
      "displacement_rho_std": 0.0868707938087934
    },
    "24,25": {
      "displacement_rho": 0.25808727466591097,
      "residual": 406.8198013305664,
      "perturbation_rho": 490.7719465559388,
      "displacement_rho_std": 0.05780041295978639
    },
    "26,27": {
      "displacement_rho": 0.5118057507726452,
      "residual": 802.1878356933594,
      "perturbation_rho": 438.56424512553156,
      "displacement_rho_std": 0.09625254477916508
    },
    "0,3": {
      "displacement_rho": 0.3411944586552897,
      "residual": 516.6543426513672,
      "perturbation_rho": 456.9317089505697,
      "displacement_rho_std": 0.1896707138496083
    },
    "2,5": {
      "displacement_rho": 0.27078985928046667,
      "residual": 425.6570129394531,
      "perturbation_rho": 568.3572678055668,
      "displacement_rho_std": 0.06440407664057139
    },
    "4,7": {
      "displacement_rho": 0.4993044282049097,
      "residual": 731.309398651123,
      "perturbation_rho": 486.40138815052325,
      "displacement_rho_std": 0.4286420969494336
    },
    "6,9": {
      "displacement_rho": 0.31396156321250523,
      "residual": 495.3402671813965,
      "perturbation_rho": 461.89819684504215,
      "displacement_rho_std": 0.14764314690964048
    },
    "8,11": {
      "displacement_rho": 0.25520457178347317,
      "residual": 404.6805057525635,
      "perturbation_rho": 546.8035242498092,
      "displacement_rho_std": 0.10922503832565705
    },
    "10,13": {
      "displacement_rho": 0.24528820680772945,
      "residual": 382.8646926879883,
      "perturbation_rho": 419.92985850831985,
      "displacement_rho_std": 0.11274452714250136
    },
    "12,15": {
      "displacement_rho": 0.21451865950045254,
      "residual": 337.6715965270996,
      "perturbation_rho": 545.9811308234493,
      "displacement_rho_std": 0.06222834559762249
    },
    "14,17": {
      "displacement_rho": 0.20761483872299458,
      "residual": 322.35153579711914,
      "perturbation_rho": 499.72983964846657,
      "displacement_rho_std": 0.07397005836382944
    },
    "16,19": {
      "displacement_rho": 0.19474521534956418,
      "residual": 298.7896480560303,
      "perturbation_rho": 485.62150585510574,
      "displacement_rho_std": 0.09142263959366914
    },
    "18,21": {
      "displacement_rho": 0.24272163807568137,
      "residual": 368.5526123046875,
      "perturbation_rho": 450.05355342445455,
      "displacement_rho_std": 0.11724987210487867
    },
    "20,23": {
      "displacement_rho": 0.279140219552799,
      "residual": 430.91512298583984,
      "perturbation_rho": 414.47861706282526,
      "displacement_rho_std": 0.10646012406045167
    },
    "22,25": {
      "displacement_rho": 0.34877907450611545,
      "residual": 550.8540344238281,
      "perturbation_rho": 432.7797420111224,
      "displacement_rho_std": 0.08650761344751298
    },
    "24,27": {
      "displacement_rho": 0.5307119490556289,
      "residual": 822.1603088378906,
      "perturbation_rho": 473.95823305298904,
      "displacement_rho_std": 0.12777343260952956
    },
    "0,5": {
      "displacement_rho": 0.39415117734912697,
      "residual": 608.198314666748,
      "perturbation_rho": 495.77084277947233,
      "displacement_rho_std": 0.14578893387043723
    },
    "2,7": {
      "displacement_rho": 0.34600836558362064,
      "residual": 542.5118865966797,
      "perturbation_rho": 457.81254029073386,
      "displacement_rho_std": 0.10415078754143153
    },
    "4,9": {
      "displacement_rho": 0.5225141597373294,
      "residual": 779.4767456054688,
      "perturbation_rho": 463.7578937117381,
      "displacement_rho_std": 0.3373618285906361
    },
    "6,11": {
      "displacement_rho": 0.2933107760165511,
      "residual": 465.54952239990234,
      "perturbation_rho": 488.35759348720944,
      "displacement_rho_std": 0.12875487038123687
    },
    "8,13": {
      "displacement_rho": 0.2611716226617974,
      "residual": 412.28414726257324,
      "perturbation_rho": 446.35936847143574,
      "displacement_rho_std": 0.09351376986527772
    },
    "10,15": {
      "displacement_rho": 0.25720770962454836,
      "residual": 404.06059646606445,
      "perturbation_rho": 403.4090349639514,
      "displacement_rho_std": 0.06697261494322124
    },
    "12,17": {
      "displacement_rho": 0.24004670944350176,
      "residual": 374.31970596313477,
      "perturbation_rho": 486.8455402747195,
      "displacement_rho_std": 0.06709790618596854
    },
    "14,19": {
      "displacement_rho": 0.2483929501672102,
      "residual": 385.1143169403076,
      "perturbation_rho": 499.49623050154025,
      "displacement_rho_std": 0.08666850299873356
    },
    "16,21": {
      "displacement_rho": 0.2465388904167993,
      "residual": 372.3534393310547,
      "perturbation_rho": 467.726333093427,
      "displacement_rho_std": 0.11909776036199553
    },
    "18,23": {
      "displacement_rho": 0.314608874096904,
      "residual": 485.8628959655762,
      "perturbation_rho": 460.57066577252635,
      "displacement_rho_std": 0.09883831691788997
    },
    "20,25": {
      "displacement_rho": 0.3648259939162934,
      "residual": 572.3822402954102,
      "perturbation_rho": 469.23720753368883,
      "displacement_rho_std": 0.09740734419025467
    },
    "22,27": {
      "displacement_rho": 0.5522449213754606,
      "residual": 856.2313919067383,
      "perturbation_rho": 435.7469304743281,
      "displacement_rho_std": 0.13782664840046568
    },
    "0,7": {
      "displacement_rho": 0.3538780064120035,
      "residual": 552.7040519714355,
      "perturbation_rho": 541.2650332486133,