{
  "baseline_score": 0.5343899465628633,
  "best_single_reported_delta": 0.257,
  "best_single_measured_delta": 0.2570645951931614,
  "best_dual_delta": 0.2491170863418023,
  "best_dual_config": "(10,11)+(14,27)",
  "dual_beats_single": false,
  "single_results": {
    "10,11": {
      "score": 0.7914545417560247,
      "delta": 0.2570645951931614,
      "reported_delta": 0.257,
      "total_layers": 29
    },
    "18,21": {
      "score": 0.7692787173218587,
      "delta": 0.2348887707589954,
      "reported_delta": 0.235,
      "total_layers": 31
    },
    "16,21": {
      "score": 0.7525536632789759,
      "delta": 0.21816371671611257,
      "reported_delta": 0.218,
      "total_layers": 33
    },
    "14,27": {
      "score": 0.7241777258144639,
      "delta": 0.18978777925160062,
      "reported_delta": 0.19,
      "total_layers": 41
    }
  },
  "dual_results": {
    "(10,11)+(18,21)": {
      "block1": [
        10,
        11
      ],
      "block2": [
        18,
        21
      ],
      "layer_order": [
        0,
        1,
        2,
        3,
        4,
        5,
        6,
        7,
        8,
        9,
        10,
        10,
        11,
        12,
        13,
        14,
        15,
        16,
        17,
        18,
        19,
        20,
        18,
        19,
        20,
        21,
        22,
        23,
        24,
        25,
        26,
        27
      ],
      "total_layers": 32,
      "score": 0.6655531656717005,
      "delta": 0.13116321910883721,
      "beats_best_single": false
    },
    "(10,11)+(16,21)": {
      "block1": [
        10,
        11
      ],
      "block2": [
        16,
        21
      ],
      "layer_order": [
        0,
        1,
        2,
        3,
        4,
        5,
        6,
        7,
        8,
        9,
        10,
        10,
        11,
        12,
        13,
        14,
        15,
        16,
        17,
        18,
        19,
        20,
        16,
        17,
        18,
        19,
        20,
        21,
        22,
        23,
        24,
        25,
        26,
        27
      ],
      "total_layers": 34,
      "score": 0.6979985494429161,
      "delta": 0.16360860288005274,
      "beats_best_single": false
    },
    "(10,11)+(14,27)": {
      "block1": [
        10,
        11
      ],
      "block2": [
        14,
        27
      ],
      "layer_order": [
        0,
        1,
        2,
        3,
        4,
        5,
        6,
        7,
        8,
        9,
        10,
        10,
        11,
        12,
        13,
        14,
        15,
        16,
        17,
        18,
        19,
        20,
        21,
        22,
        23,
        24,
        25,
        26,
        14,
        15,
        16,
        17,
        18,
        19,
        20,
        21,
        22,
        23,
        24,
        25,
        26,
        27
      ],
      "total_layers": 42,
      "score": 0.7835070329046656,
      "delta": 0.2491170863418023,
      "beats_best_single": false
    }
  }
}