{
  "baseline": {
    "math": 0.6828961554084862,
    "eq": 55.2237577174511,
    "combined": 61.75668662914987
  },
  "pre_k1": {
    "math": 0.6828961554084862,
    "eq": 55.2237577174511,
    "combined": 61.75668662914987
  },
  "pre_k2": {
    "math": 0.5921503736075158,
    "eq": 61.16712009149654,
    "combined": 60.19107872612406
  },
  "post_k1": {
    "math": 0.6828961554084862,
    "eq": 55.2237577174511,
    "combined": 61.75668662914987
  },
  "post_k2": {
    "math": 0.6293157540513961,
    "eq": 60.7600805202505,
    "combined": 61.845827962695054
  },
  "post_k3": {
    "math": 0.6296445046616519,
    "eq": 59.910700366402715,
    "combined": 61.43757541628395
  }
}