{
  "pre_score": 0.3901254876044844,
  "post_score": 0.41373021503327695,
  "delta": 0.02360472742879255,
  "trainable_params": 932231168,
  "total_params": 8314789888,
  "num_steps": 200,
  "lr": 1e-05,
  "losses": [
    -0.0017256736755371094,
    0.027691364288330078,
    0.02611154317855835,
    0.019700288772583008,
    0.01718616485595703,
    0.013629913330078125,
    0.007788538932800293,
    0.00868988037109375,
    0.006183207035064697,
    0.006415247917175293,
    0.008801460266113281,
    0.005385637283325195,
    0.0062367916107177734,
    0.005853891372680664,
    0.0019383430480957031,
    0.0042144060134887695,
    0.006129741668701172,
    0.006578207015991211,
    0.004116535186767578,
    0.0039490461349487305,
    0.0038199424743652344,
    0.0014650076627731323,
    0.0036183595657348633,
    0.0005161762237548828,
    0.0016276836395263672,
    0.002461254596710205,
    0.002530694007873535,
    0.001590728759765625,
    -0.0011714696884155273,
    -0.0011153221130371094,
    0.0014352500438690186,
    0.0025262832641601562,
    0.0026004519313573837,
    0.001932382583618164,
    0.001161336898803711,
    0.0005878210067749023,
    0.0013356208801269531,
    0.004296660423278809,
    0.001123666763305664,
    0.004251003265380859,
    0.0009779930114746094,
    -0.0004968643188476562,
    0.0017338991165161133,
    0.002685248851776123,
    0.0027104616165161133,
    0.001712024211883545,
    0.0036201179027557373,
    0.0025959908962249756,
    0.0005331039428710938,
    0.002483367919921875,
    0.001615285873413086,
    -0.001893758773803711,
    0.001119852066040039,
    0.000544428825378418,
    0.00256955623626709,
    0.0002923011779785156,
    0.0017091035842895508,
    0.0002955496311187744,
    0.003081798553466797,
    0.0015593767166137695,
    0.0010826587677001953,
    0.0017904937267303467,
    0.00023925304412841797,
    -0.0011502504348754883,
    0.0014350414276123047,
    0.0026226043701171875,
    0.0024888217449188232,
    0.000712469220161438,
    0.0010921955108642578,
    0.002547428011894226,
    0.0016982555389404297,
    0.0020370185375213623,
    0.002327442169189453,
    0.006709575653076172,
    0.00235748291015625,
    0.0017805099487304688,
    0.0013433098793029785,
    -0.0007159709930419922,
    0.0031974762678146362,
    -0.0005965828895568848,
    0.004427433013916016,
    0.0014557838439941406,
    0.0002550482749938965,
    0.0014700889587402344,
    0.003125786781311035,
    0.002142488956451416,
    0.001089930534362793,
    0.0036232471466064453,
    0.0013753771781921387,
    0.0006306767463684082,
    0.00021767616271972656,
    -0.0004077386111021042,
    0.001978278160095215,
    0.0009137988090515137,
    -0.0010967254638671875,
    0.004602179862558842,
    0.0016711950302124023,
    0.0015426874160766602,
    0.0009255111217498779,
    -4.029273986816406e-05,
    0.0018182061612606049,
    0.0015658140182495117,
    -0.0013158321380615234,
    0.0016121864318847656,
    -0.0013971328735351562,
    -0.0018181800842285156,
    0.002701401710510254,
    -0.0001544952392578125,
    0.004225254058837891,
    0.0023421645164489746,
    -0.0006814002990722656,
    0.0033147335052490234,
    0.0033573396503925323,
    0.000759422779083252,
    0.001488804817199707,
    0.004220485687255859,
    0.00240933895111084,
    0.0010628700256347656,
    0.00022482872009277344,
    -0.002281665802001953,
    0.00339391827583313,
    0.0016743357991799712,
    0.001693129539489746,
    0.0019225478172302246,
    0.001720428466796875,
    0.0016890168190002441,
    0.0013386011123657227,
    0.0007536858320236206,
    -0.0011337995529174805,
    0.000827103853225708,
    0.0009844303131103516,
    0.0054705142974853516,
    0.0040416717529296875,
    0.0016491413116455078,
    0.0010156631469726562,
    0.0012516975402832031,
    0.0020809173583984375,
    0.0028579235076904297,
    0.0017809867858886719,
    0.0032126903533935547,
    0.0014590620994567871,
    0.0035669803619384766,
    0.004866838455200195,
    0.001064300537109375,
    -0.0005779266357421875,
    0.0017056465148925781,
    0.0015292167663574219,
    0.002017796039581299,
    0.0012615621089935303,
    -0.00391562283039093,
    0.0014252662658691406,
    0.0009694099426269531,
    0.0022679567337036133,
    0.0027781426906585693,
    0.0031876564025878906,
    0.0006803330034017563,
    -0.0020439624786376953,
    -0.0003923475742340088,
    -0.0002828240394592285,
    0.0011242032051086426,
    0.003044605255126953,
    0.003093719482421875,
    0.0013580322265625,
    0.006195068359375,
    -0.000440061092376709,
    0.0012655705213546753,
    0.003412961959838867,
    0.0008527934551239014,
    0.0023453235626220703,
    0.002071380615234375,
    -0.0009441375732421875,
    0.0033211708068847656,
    0.003268629312515259,
    -0.0004191398620605469,
    0.0009946823120117188,
    -0.0006265640258789062,
    0.00032576918601989746,
    0.0024335458874702454,
    0.00029265880584716797,
    0.00570988655090332,
    0.0002460479736328125,
    0.0014238357543945312,
    0.002453356981277466,
    -0.00013208389282226562,
    0.0019224882125854492,
    0.0006356239318847656,
    0.0018162429332733154,
    0.001161813735961914,
    0.0005415678024291992,
    0.00018829107284545898,
    0.004194498062133789,
    0.0033453702926635742,
    0.002701878547668457,
    -0.002183675765991211,
    8.797645568847656e-05,
    0.0016179084777832031,
    0.0013529062271118164,
    0.0009917616844177246,
    0.0023735463619232178,
    0.0019932612776756287
  ],
  "junction_indices": [
    17,
    18,
    20,
    21
  ]
}