{
  "tag": "blood_4_9_highreg",
  "config": [
    4,
    9
  ],
  "model": "/blue/cis4914/jietao/DeepPass/models/small/Qwen2-7B-Instruct",
  "bottleneck": 256,
  "reg_lambda": 5.0,
  "num_probes": 1,
  "baseline": 0.5343899465628633,
  "pre_adapter": 0.27378283939065245,
  "pre_delta": -0.26060710717221086,
  "post_adapter": 0.24205133344675275,
  "post_delta": -0.29233861311611054,
  "adapter_gain": -0.0317315059438997,
  "adapter_params": 1835008,
  "adapter_pct": 0.020897708167470407,
  "steps": 200,
  "lr": 0.001,
  "final_blood_loss": 0.6500632241368294,
  "final_reg_loss": 0.005557853583013639,
  "final_total_loss": 0.677852489054203,
  "losses_blood": [
    0.724117249250412,
    0.7234247773885727,
    0.7184109650552273,
    0.7167138680815697,
    0.7175437584519386,
    0.7082730829715729,
    0.6998780481517315,
    0.6902647726237774,
    0.6796642951667309,
    0.6765636205673218,
    0.6771033331751823,
    0.6825711242854595,
    0.6790488362312317,
    0.6650211066007614,
    0.6666740663349628,
    0.6692368239164352,
    0.6659817695617676,
    0.6602499708533287,
    0.677857369184494,
    0.6710892021656036,
    0.6574812158942223,
    0.6639063023030758,
    0.6635601334273815,
    0.6565007567405701,
    0.6759996153414249,
    0.6684725247323513,
    0.6524107791483402,
    0.6594462655484676,
    0.6662626788020134,
    0.6594786420464516,
    0.6546320393681526,
    0.6563247255980968,
    0.6597187481820583,
    0.6539625376462936,
    0.6495293527841568,
    0.6525099873542786,
    0.6599292494356632,
    0.6572910957038403,
    0.6505174562335014,
    0.6517447084188461,
    0.6540101915597916,
    0.6549529545009136,
    0.6527842618525028,
    0.6527852714061737,
    0.6519552320241928,
    0.6543571613729,
    0.6534420102834702,
    0.6536125801503658,
    0.6540941298007965,
    0.6544032506644726,
    0.6508881859481335,
    0.6521997638046741,
    0.6537769474089146,
    0.6544318720698357,
    0.6520194560289383,
    0.6502961367368698,
    0.652057308703661,
    0.6512339264154434,
    0.6538097597658634,
    0.6509217396378517,
    0.6512219458818436,
    0.6532785706222057,
    0.6504210010170937,
    0.6495656557381153,
    0.651186391711235,
    0.6497164070606232,
    0.6527602337300777,
    0.650851484388113,
    0.6523528099060059,
    0.6513014249503613,
    0.6523511335253716,
    0.648538414388895,
    0.6505776606500149,
    0.6496390551328659,
    0.6510230973362923,
    0.6507154703140259,
    0.6523796692490578,
    0.6511628739535809,
    0.6492776088416576,
    0.6516650095582008,
    0.6492297351360321,
    0.6494654826819897,
    0.6495593078434467,
    0.6506883166730404,
    0.6510196924209595,
    0.6512214466929436,
    0.6503170654177666,
    0.651346679776907,
    0.6512765660881996,
    0.6517150364816189,
    0.6503125056624413,
    0.649833120405674,
    0.6527641527354717,
    0.6498921774327755,
    0.6507784575223923,
    0.6513077467679977,
    0.6525661982595921,
    0.649180706590414,
    0.6499606929719448,
    0.650239922106266,
    0.6487289220094681,
    0.6526714339852333,
    0.6510785408318043,
    0.6506095454096794,
    0.650930006057024,
    0.6503501757979393,
    0.6500952839851379,
    0.648778572678566,
    0.6491584405303001,
    0.6503578461706638,
    0.6495611779391766,
    0.6486310958862305,
    0.6488322466611862,
    0.6488087028264999,
    0.6480704061686993,
    0.6506863050162792,
    0.6510943733155727,
    0.6543044857680798,
    0.6499381400644779,
    0.6506425105035305,
    0.6509059146046638,
    0.6496166735887527,
    0.6499231979250908,
    0.6518348716199398,
    0.6492421925067902,
    0.6518182419240475,
    0.6490336768329144,
    0.6455058827996254,
    0.652549110352993,
    0.649471428245306,
    0.6483838446438313,
    0.652136292308569,
    0.6492271982133389,
    0.6523965075612068,
    0.6516154035925865,
    0.6492771469056606,
    0.6487447135150433,
    0.6510244943201542,
    0.6515825130045414,
    0.652760811150074,
    0.6500568352639675,
    0.6516733728349209,
    0.6493786573410034,
    0.6488993763923645,
    0.649207454174757,
    0.6470317803323269,
    0.6505641490221024,
    0.6499651707708836,
    0.650388553738594,
    0.6453351192176342,
    0.6514677591621876,
    0.6491716504096985,
    0.6491514220833778,
    0.648712370544672,
    0.6521503925323486,
    0.6496405936777592,
    0.6499392911791801,
    0.6506046801805496,
    0.649207778275013,
    0.6495567038655281,
    0.6481309309601784,
    0.6493196152150631,
    0.6505900174379349,
    0.6501541584730148,
    0.6480737254023552,
    0.6495423652231693,
    0.6500228196382523,
    0.6496811471879482,
    0.6478301212191582,
    0.650763250887394,
    0.6487217098474503,
    0.6480918563902378,
    0.6482233479619026,
    0.6491797752678394,
    0.6496354825794697,
    0.6477952264249325,
    0.6466981619596481,
    0.649610411375761,
    0.6483839489519596,
    0.6494637466967106,
    0.6496095955371857,
    0.6498874388635159,
    0.6484738700091839,
    0.6508934944868088,
    0.6470213644206524,
    0.6472749076783657,
    0.6509552523493767,
    0.6508785076439381,
    0.6525414697825909,
    0.6479430943727493,
    0.6514163911342621,
    0.6506989672780037,
    0.649536494165659,
    0.6484241783618927,
    0.6476330496370792,
    0.6486968174576759,
    0.6499787755310535,
    0.6473720110952854,
    0.6499221585690975,
    0.6500632241368294
  ],