{
  "tag": "blood_10_11",
  "config": [
    10,
    11
  ],
  "model": "/blue/cis4914/jietao/DeepPass/models/small/Qwen2-7B-Instruct",
  "bottleneck": 256,
  "reg_lambda": 0.01,
  "num_probes": 1,
  "baseline": 0.5343899465628633,
  "pre_adapter": 0.7914545417560247,
  "pre_delta": 0.2570645951931614,
  "post_adapter": 0.12277912087625545,
  "post_delta": -0.4116108256866079,
  "adapter_gain": -0.6686754208797693,
  "adapter_params": 1835008,
  "adapter_pct": 0.02337984644189919,
  "steps": 200,
  "lr": 0.001,
  "final_blood_loss": 0.5284828469157219,
  "final_reg_loss": 0.5395682230591774,
  "final_total_loss": 0.5338785275816917,
  "losses_blood": [
    0.9769676141440868,
    0.9414342194795609,
    0.9038782678544521,
    0.8706579096615314,
    0.8336313813924789,
    0.7946424745023251,
    0.7578225024044514,
    0.7250689677894115,
    0.6954695656895638,
    0.672970212996006,
    0.6591171957552433,
    0.6501381024718285,
    0.6435073129832745,
    0.6379794180393219,
    0.6247472204267979,
    0.6176214218139648,
    0.6073077023029327,
    0.6000119931995869,
    0.5962287671864033,
    0.5899985507130623,
    0.5867178589105606,
    0.5818105451762676,
    0.5762794837355614,
    0.5765274129807949,
    0.5727812834084034,
    0.5707108825445175,
    0.5677122995257378,
    0.5634719468653202,
    0.5634078122675419,
    0.5638795606791973,
    0.5587437525391579,
    0.5539356470108032,
    0.55805753916502,
    0.5554526709020138,
    0.5541425570845604,
    0.5520890280604362,
    0.5521321147680283,
    0.5501962937414646,
    0.5522129163146019,
    0.5488949008285999,
    0.5489320158958435,
    0.5483461394906044,
    0.5461710505187511,
    0.5440869145095348,
    0.5455728769302368,
    0.5435150749981403,
    0.5469506233930588,
    0.5440176613628864,
    0.5445820055902004,
    0.5433752723038197,
    0.5444864816963673,
    0.5425939448177814,
    0.5413640923798084,
    0.5405824705958366,
    0.5405911207199097,
    0.540781058371067,
    0.5411449670791626,
    0.5397650711238384,
    0.5410169623792171,
    0.5394496880471706,
    0.5383600927889347,
    0.5382836200296879,
    0.5389138422906399,
    0.5406812764704227,
    0.5386069566011429,
    0.5371574610471725,
    0.5374054312705994,
    0.5368888303637505,
    0.5361026674509048,
    0.5378554500639439,
    0.5375983156263828,
    0.5365152657032013,
    0.5375632531940937,
    0.5343887470662594,
    0.5342833288013935,
    0.5345562323927879,
    0.5332484319806099,
    0.5326138325035572,
    0.5363111235201359,
    0.5360940992832184,
    0.5324734672904015,
    0.5370277464389801,
    0.5329459421336651,
    0.5327717177569866,
    0.5326430089771748,
    0.5332020372152328,
    0.5324581153690815,
    0.5353728905320168,
    0.5323099978268147,
    0.5320109687745571,
    0.5305250659584999,
    0.5337103866040707,
    0.5337720140814781,
    0.5314727649092674,
    0.5319497399032116,
    0.5327102243900299,
    0.533809345215559,
    0.534570325165987,
    0.5334393046796322,
    0.5338988751173019,
    0.5322290882468224,
    0.531271256506443,
    0.5331991650164127,
    0.5287528373301029,
    0.5317985489964485,
    0.5305518917739391,
    0.5290124975144863,
    0.5296577587723732,
    0.5320296362042427,
    0.5288471207022667,
    0.5305163376033306,
    0.5306132286787033,
    0.5283654816448689,
    0.5299986973404884,
    0.5271033607423306,
    0.5307697094976902,
    0.5307631865143776,
    0.5300938859581947,
    0.5302276350557804,
    0.5291050672531128,
    0.5284892544150352,
    0.5302582010626793,
    0.5281523503363132,
    0.5310679636895657,
    0.5289739295840263,
    0.528707854449749,
    0.5284200645983219,
    0.531404722481966,
    0.529271624982357,
    0.5295211002230644,
    0.5269652828574181,
    0.5265394635498524,
    0.5288074053823948,
    0.5271609649062157,
    0.531173549592495,
    0.52891406416893,
    0.5287097729742527,
    0.5290171019732952,
    0.5292492024600506,
    0.5282354280352592,
    0.5273123010993004,
    0.5298093520104885,
    0.5276084318757057,
    0.5269500873982906,
    0.528759066015482,
    0.5281117111444473,
    0.5259178131818771,
    0.528627660125494,
    0.5270210094749928,
    0.527801763266325,
    0.5283872596919537,
    0.5272884517908096,
    0.5270144529640675,
    0.5262492932379246,
    0.5278288312256336,
    0.5273878946900368,
    0.5276282653212547,
    0.5290364548563957,
    0.5242915116250515,
    0.5274119675159454,
    0.5268265604972839,
    0.5291874594986439,
    0.5264869928359985,
    0.5260326266288757,
    0.5265764482319355,
    0.525921106338501,
    0.5254510827362537,
    0.5252857990562916,
    0.5255097113549709,
    0.5266922004520893,
    0.5287895873188972,
    0.5265791565179825,
    0.5274036824703217,
    0.5247930139303207,
    0.5258912667632103,
    0.5244725570082664,
    0.5256677456200123,
    0.5257568471133709,
    0.5270989425480366,
    0.5282840691506863,
    0.5244777128100395,
    0.5249538458883762,
    0.5266674160957336,
    0.5259081125259399,
    0.5252030864357948,
    0.5272620879113674,
    0.5270196534693241,
    0.5263177379965782,
    0.5258959829807281,
    0.5238434374332428,
    0.5244120545685291,
    0.5271620452404022,
    0.5267205312848091,
    0.5281537137925625,
    0.5273230709135532,
    0.5254154838621616,
    0.5260217897593975,
    0.5259858183562756,
    0.526921983808279,
    0.5284828469157219
  ],