{
  "tag": "blood_10_11_highreg",
  "config": [
    10,
    11
  ],
  "model": "/blue/cis4914/jietao/DeepPass/models/small/Qwen2-7B-Instruct",
  "bottleneck": 256,
  "reg_lambda": 5.0,
  "num_probes": 1,
  "baseline": 0.5343899465628633,
  "pre_adapter": 0.7914545417560247,
  "pre_delta": 0.2570645951931614,
  "post_adapter": 0.5597564677039275,
  "post_delta": 0.02536652114106419,
  "adapter_gain": -0.2316980740520972,
  "adapter_params": 1835008,
  "adapter_pct": 0.02337984644189919,
  "steps": 200,
  "lr": 0.001,
  "final_blood_loss": 0.6680056340992451,
  "final_reg_loss": 0.01460212335223332,
  "final_total_loss": 0.7410162538290024,
  "losses_blood": [
    0.9754163958132267,
    0.9673947207629681,
    0.9592627435922623,
    0.9483579434454441,
    0.9339355975389481,
    0.914689376950264,
    0.8800309970974922,
    0.8403652310371399,
    0.7916660122573376,
    0.7442314252257347,
    0.7214409112930298,
    0.7238168567419052,
    0.7349006086587906,
    0.7468954063951969,
    0.7353709079325199,
    0.7087311930954456,
    0.6979796066880226,
    0.7120094709098339,
    0.7016109265387058,
    0.6955580487847328,
    0.6997990161180496,
    0.6708250939846039,
    0.7559028901159763,
    0.7028676234185696,
    0.6625790074467659,
    0.6913466341793537,
    0.7206948399543762,
    0.6878010407090187,
    0.6697842925786972,
    0.691943034529686,
    0.6964475251734257,
    0.6729976646602154,
    0.6789398975670338,
    0.6895135156810284,
    0.6813593357801437,
    0.6725703179836273,
    0.6838562898337841,
    0.6784616522490978,
    0.6728580333292484,
    0.6828700341284275,
    0.6794535480439663,
    0.6724389418959618,
    0.6731729134917259,
    0.6816793791949749,
    0.6753799021244049,
    0.670559961348772,
    0.6754947863519192,
    0.676523745059967,
    0.6681567840278149,
    0.6740014292299747,
    0.6742397882044315,
    0.6758747100830078,
    0.6702376492321491,
    0.6737648732960224,
    0.6755012981593609,
    0.670105841010809,
    0.6744274832308292,
    0.6724484376609325,
    0.6740186363458633,
    0.670473750680685,
    0.672152042388916,
    0.6715742647647858,
    0.6696944497525692,
    0.6720306985080242,
    0.6727747283875942,
    0.6701407879590988,
    0.6707846447825432,
    0.6739178858697414,
    0.6691383793950081,
    0.6679380238056183,
    0.6715992912650108,
    0.673267312347889,
    0.6698973327875137,
    0.6676656976342201,
    0.6700843796133995,
    0.6709804050624371,
    0.6703820563852787,
    0.6690107882022858,
    0.6703292243182659,
    0.6719575524330139,
    0.6705883778631687,
    0.6693934947252274,
    0.6734061390161514,
    0.6735878698527813,
    0.6685029752552509,
    0.6703647896647453,
    0.6684787832200527,
    0.668374340981245,
    0.6696350648999214,
    0.6692437268793583,
    0.6695979684591293,
    0.672014195472002,
    0.6715376302599907,
    0.6689668707549572,
    0.6690619066357613,
    0.6723350249230862,
    0.6714554987847805,
    0.664800476282835,
    0.6644559688866138,
    0.6685276627540588,
    0.671433724462986,
    0.6702678017318249,
    0.6693760938942432,
    0.6665888950228691,
    0.6695262640714645,
    0.6687857247889042,
    0.6691859215497971,
    0.6699643321335316,
    0.6712603084743023,
    0.6671949848532677,
    0.6719523780047894,
    0.6675037480890751,
    0.6681743040680885,
    0.667972955852747,
    0.6669440492987633,
    0.6674491763114929,
    0.6667782180011272,
    0.6664577499032021,
    0.6703188419342041,
    0.6681671589612961,
    0.6677893958985806,
    0.6663570925593376,
    0.6656149215996265,
    0.6709386669099331,
    0.6688501238822937,
    0.6696309074759483,
    0.6704292595386505,
    0.6691378764808178,
    0.6655198149383068,
    0.6698783822357655,
    0.6677716039121151,
    0.6674299873411655,
    0.6686300076544285,
    0.669145967811346,
    0.6690789386630058,
    0.6670158542692661,
    0.6685462519526482,
    0.6662735119462013,
    0.667171947658062,
    0.6674346178770065,
    0.6662477813661098,
    0.667131457477808,
    0.6676884405314922,
    0.6702328063547611,
    0.6664699539542198,
    0.6672557666897774,
    0.6661084927618504,
    0.6692976988852024,
    0.6659313067793846,
    0.6673925705254078,
    0.6697580888867378,
    0.668448094278574,
    0.6660997197031975,
    0.667839203029871,
    0.6670863181352615,
    0.6668834052979946,
    0.6677887737751007,
    0.6686435677111149,
    0.6678208857774734,
    0.6660159043967724,
    0.6647518873214722,
    0.6676630489528179,
    0.6680941917002201,
    0.6688041277229786,
    0.669320423156023,
    0.6704778857529163,
    0.6674505434930325,
    0.6701597943902016,
    0.6673357784748077,
    0.6664014421403408,
    0.6657751984894276,
    0.6691398173570633,
    0.6650852747261524,
    0.6659598983824253,
    0.6674596145749092,
    0.6672199033200741,
    0.665920116007328,
    0.6689135655760765,
    0.6669462472200394,
    0.6687133833765984,
    0.6703518666327,
    0.6703845150768757,
    0.6679234951734543,
    0.6682083308696747,
    0.6656003631651402,
    0.6696344092488289,
    0.6675662957131863,
    0.6686301231384277,
    0.6674538664519787,
    0.6670487746596336,
    0.6683538258075714,
    0.6673385910689831,
    0.6682277023792267,
    0.6679713614284992,
    0.667637899518013,
    0.6684408783912659,
    0.6677716746926308,
    0.6687270663678646,
    0.6661931797862053,
    0.6680056340992451
  ],