{
  "baseline": {
    "math": 0.6828961554084862,
    "eq": 55.2237577174511,
    "combined": 61.75668662914987
  },
  "pre_k1": {
    "math": 0.6828961554084862,
    "eq": 55.2237577174511,
    "combined": 61.75668662914987
  },
  "pre_k2": {
    "math": 0.5921503736075158,
    "eq": 61.16712009149654,
    "combined": 60.19107872612406
  },
  "post_k1": {
    "math": 0.6828961554084862,
    "eq": 55.2237577174511,
    "combined": 61.75668662914987
  },
  "post_k2": {
    "math": 0.5808457125706914,
    "eq": 60.66147133131709,
    "combined": 59.373021294193116
  },
  "post_k3": {
    "math": 0.634877019098245,
    "eq": 59.21660497557754,
    "combined": 61.352153442701024
  }
}