{
  "baseline": {
    "math": 0.6828961554084862,
    "eq": 55.2237577174511,
    "combined": 61.75668662914987
  },
  "pre_k1": {
    "math": 0.6828961554084862,
    "eq": 55.2237577174511,
    "combined": 61.75668662914987
  },
  "pre_k2": {
    "math": 0.5921503736075158,
    "eq": 61.16712009149654,
    "combined": 60.19107872612406
  },
  "post_k1": {
    "math": 0.6828961554084862,
    "eq": 55.2237577174511,
    "combined": 61.75668662914987
  },
  "post_k2": {
    "math": 0.6350399759192439,
    "eq": 62.17223130318062,
    "combined": 62.8381144475525
  },
  "post_k3": {
    "math": 0.6206779566601739,
    "eq": 59.10452461782429,
    "combined": 60.58616014192084
  }
}