{
  "ABLATION_FULL_COMBO": {
    "displacement": {
      "displacements_L": [
        28.985376358032227,
        15.864753723144531,
        8.67381477355957,
        5.922595024108887,
        4.390840530395508,
        3.2641613483428955,
        11.969393730163574,
        5.9466142654418945,
        3.1890387535095215,
        1.911911129951477,
        1.2266649007797241,
        0.7839490175247192,
        9.592024803161621,
        5.291565418243408,
        2.7252490520477295,
        1.4975028038024902,
        0.9217345714569092,
        0.6070075631141663
      ],
      "displacements_H": [
        29.01396369934082,
        18.7661075592041,
        16.04666519165039
      ],
      "avg_contraction_L": 1.4686841683613854
    },
    "logit_evolution": {},
    "pca": {
      "eff_dim": 2.0166869163513184,
      "top5_variance": [
        0.6380330324172974,
        0.29026803374290466,
        0.06715446710586548,
        0.0032551486510783434,
        0.0008181614684872329
      ]
    }
  },
  "ABLATION_BASELINE": {
    "displacement": {
      "displacements_L": [
        28.224178314208984,
        16.335224151611328,
        8.951237678527832,
        5.7786102294921875,
        4.289541244506836,
        2.9793858528137207,
        12.527576446533203,
        5.412092208862305,
        2.9762189388275146,
        1.6434682607650757,
        0.9209463000297546,
        0.5515620112419128,
        8.854578971862793,
        4.0936102867126465,
        1.8303487300872803,
        0.9312164783477783,
        0.5051219463348389,
        0.31226298213005066
      ],
      "displacements_H": [
        28.462547302246094,
        18.54083251953125,
        13.313421249389648
      ],
      "avg_contraction_L": 1.6905776327795379
    },
    "logit_evolution": {},
    "pca": {
      "eff_dim": 1.9094955921173096,
      "top5_variance": [
        0.6678290963172913,
        0.2735004723072052,
        0.053718987852334976,
        0.0037096610758453608,
        0.0008721059421077371
      ]
    }
  },
  "ABLATION_REDUCED_MLP": {
    "displacement": {
      "displacements_L": [
        27.31557273864746,
        13.092023849487305,
        8.315269470214844,
        5.259042739868164,
        3.098451852798462,
        1.7965295314788818,
        10.886829376220703,
        4.951547145843506,
        2.553678274154663,
        1.3869507312774658,
        0.782986044883728,
        0.45522621273994446,
        8.396238327026367,
        4.071810245513916,
        2.0354573726654053,
        0.9930810332298279,
        0.49263444542884827,
        0.280851274728775
      ],
      "displacements_H": [
        28.781902313232422,
        16.758365631103516,
        14.46745777130127
      ],
      "avg_contraction_L": 1.9187295116036736
    },
    "logit_evolution": {},
    "pca": {
      "eff_dim": 1.8552019596099854,
      "top5_variance": [
        0.6718958020210266,
        0.29407551884651184,
        0.0331689678132534,
        0.0005979851121082902,
        8.94697368494235e-05
      ]
    }
  }
}