{
  "ABLATION_BASELINE": {
    "h_cycle_0": {
      "probe_acc": 0.8742111325263977,
      "probe_per_label": {
        "1": 1.0,
        "2": 1.0,
        "3": 1.0,
        "4": 1.0,
        "5": 0.0
      }
    },
    "h_cycle_1": {
      "probe_acc": 0.8730999827384949,
      "probe_per_label": {
        "1": 1.0,
        "2": 1.0,
        "3": 1.0,
        "4": 0.0,
        "5": 0.0
      }
    },
    "h_cycle_2": {
      "probe_acc": 0.8719888925552368,
      "probe_per_label": {
        "1": 1.0,
        "2": 1.0,
        "3": 0.0,
        "4": 0.0,
        "5": 0.0
      }
    },
    "init": {
      "probe_acc": 0.5047777891159058,
      "probe_per_label": {
        "1": 0.0,
        "2": 1.0,
        "3": 0.0,
        "4": 0.0,
        "5": 0.0
      }
    }
  },
  "ABLATION_FULL_COMBO": {
    "h_cycle_0": {
      "probe_acc": 0.8737221956253052,
      "probe_per_label": {
        "1": 1.0,
        "2": 1.0,
        "3": 0.5600000023841858,
        "4": 1.0,
        "5": 0.0
      }
    },
    "h_cycle_1": {
      "probe_acc": 0.8730888962745667,
      "probe_per_label": {
        "1": 1.0,
        "2": 1.0,
        "3": 0.9900000095367432,
        "4": 0.0,
        "5": 0.0
      }
    },
    "h_cycle_2": {
      "probe_acc": 0.8719888925552368,
      "probe_per_label": {
        "1": 1.0,
        "2": 1.0,
        "3": 0.0,
        "4": 0.0,
        "5": 0.0
      }
    },
    "init": {
      "probe_acc": 0.5047777891159058,
      "probe_per_label": {
        "1": 0.0,
        "2": 1.0,
        "3": 0.0,
        "4": 0.0,
        "5": 0.0
      }
    }
  },
  "ABLATION_REDUCED_MLP": {
    "h_cycle_0": {
      "probe_acc": 0.8737444281578064,
      "probe_per_label": {
        "1": 1.0,
        "2": 1.0,
        "3": 1.0,
        "4": 0.5799999833106995,
        "5": 0.0
      }
    },
    "h_cycle_1": {
      "probe_acc": 0.873022198677063,
      "probe_per_label": {
        "1": 1.0,
        "2": 1.0,
        "3": 0.7900000214576721,
        "4": 0.14000000059604645,
        "5": 0.0
      }
    },
    "h_cycle_2": {
      "probe_acc": 0.8720444440841675,
      "probe_per_label": {
        "1": 1.0,
        "2": 1.0,
        "3": 0.0,
        "4": 0.05000000074505806,
        "5": 0.0
      }
    },
    "init": {
      "probe_acc": 0.5047777891159058,
      "probe_per_label": {
        "1": 0.0,
        "2": 1.0,
        "3": 0.0,
        "4": 0.0,
        "5": 0.0
      }
    }
  }
}