{
  "ABLATION_FULL_COMBO": {
    "token_acc": 0.9732111096382141,
    "exact_acc": 0.25,
    "per_label": {
      "1": 1.0,
      "2": 0.9738688468933105,
      "3": 1.0,
      "4": 1.0,
      "5": 0.8913081884384155
    },
    "act_steps": 16,
    "total_H_iters": 48,
    "by_step": {
      "0": {
        "lm_acc": 0.9654222130775452,
        "probe_acc": 0.9673555493354797,
        "lm_reach": 0.8648240566253662,
        "probe_reach": 0.902772843837738,
        "probe_per_label": {
          "1": 1.0,
          "2": 0.9594395160675049,
          "3": 1.0,
          "4": 1.0,
          "5": 0.902772843837738
        }
      },
      "1": {
        "lm_acc": 0.9752777814865112,
        "probe_acc": 0.9724000096321106,
        "lm_reach": 0.901884138584137,
        "probe_reach": 0.8428723812103271,
        "probe_per_label": {
          "1": 1.0,
          "2": 0.9842728972434998,
          "3": 0.9900000095367432,
          "4": 1.0,
          "5": 0.8428723812103271
        }
      },
      "2": {
        "lm_acc": 0.9748444557189941,
        "probe_acc": 0.9712888598442078,
        "lm_reach": 0.8976181745529175,
        "probe_reach": 0.8933522701263428,
        "probe_per_label": {
          "1": 1.0,
          "2": 0.9695796370506287,
          "3": 0.9900000095367432,
          "4": 1.0,
          "5": 0.8933522701263428
        }
      },
      "3": {
        "lm_acc": 0.9742888808250427,
        "probe_acc": 0.971144437789917,
        "lm_reach": 0.8956630229949951,
        "probe_reach": 0.8785104751586914,
        "probe_per_label": {
          "1": 1.0,
          "2": 0.9729450345039368,
          "3": 1.0,
          "4": 1.0,
          "5": 0.8785104751586914
        }
      },
      "4": {
        "lm_acc": 0.9740666747093201,
        "probe_acc": 0.9691222310066223,
        "lm_reach": 0.8949519991874695,
        "probe_reach": 0.8091006278991699,
        "probe_per_label": {
          "1": 1.0,
          "2": 0.9861205816268921,
          "3": 1.0,
          "4": 1.0,
          "5": 0.8091006278991699
        }
      },
      "5": {
        "lm_acc": 0.9738666415214539,
        "probe_acc": 0.9695777893066406,
        "lm_reach": 0.8941521644592285,
        "probe_reach": 0.912726640701294,
        "probe_per_label": {
          "1": 1.0,
          "2": 0.9613751769065857,
          "3": 1.0,
          "4": 1.0,
          "5": 0.912726640701294
        }
      },
      "6": {
        "lm_acc": 0.9737111330032349,
        "probe_acc": 0.9715222120285034,
        "lm_reach": 0.8939744234085083,
        "probe_reach": 0.8501599431037903,
        "probe_per_label": {
          "1": 1.0,
          "2": 0.9807096123695374,
          "3": 1.0,
          "4": 1.0,
          "5": 0.8501599431037903
        }
      },
      "7": {
        "lm_acc": 0.9736777544021606,
        "probe_acc": 0.9711222052574158,
        "lm_reach": 0.893707811832428,
        "probe_reach": 0.914592981338501,
        "probe_per_label": {
          "1": 1.0,
          "2": 0.9639707207679749,
          "3": 1.0,
          "4": 1.0,
          "5": 0.914592981338501
        }
      },
      "8": {
        "lm_acc": 0.9736444354057312,
        "probe_acc": 0.9711111187934875,
        "lm_reach": 0.8941521644592285,
        "probe_reach": 0.8968183398246765,
        "probe_per_label": {
          "1": 1.0,
          "2": 0.9683479070663452,
          "3": 1.0,
          "4": 1.0,
          "5": 0.8968183398246765
        }
      },
      "9": {
        "lm_acc": 0.9740889072418213,
        "probe_acc": 0.9710666537284851,
        "lm_reach": 0.8951297402381897,
        "probe_reach": 0.8631354570388794,
        "probe_per_label": {
          "1": 1.0,
          "2": 0.9765963554382324,
          "3": 1.0,
          "4": 1.0,
          "5": 0.8631354570388794
        }
      },
      "10": {
        "lm_acc": 0.9739444255828857,
        "probe_acc": 0.9705111384391785,
        "lm_reach": 0.8948631286621094,
        "probe_reach": 0.88633131980896,
        "probe_per_label": {
          "1": 1.0,
          "2": 0.9697556495666504,
          "3": 1.0,
          "4": 1.0,
          "5": 0.88633131980896
        }
      },
      "11": {
        "lm_acc": 0.9740666747093201,
        "probe_acc": 0.9689888954162598,
        "lm_reach": 0.8950408697128296,
        "probe_reach": 0.8819765448570251,
        "probe_per_label": {
          "1": 1.0,
          "2": 0.9678199887275696,
          "3": 1.0,
          "4": 1.0,
          "5": 0.8819765448570251
        }
      },
      "12": {
        "lm_acc": 0.9738110899925232,
        "probe_acc": 0.9688666462898254,
        "lm_reach": 0.8944187760353088,
        "probe_reach": 0.8578919172286987,
        "probe_per_label": {
          "1": 1.0,
          "2": 0.9735609292984009,
          "3": 0.9900000095367432,
          "4": 1.0,
          "5": 0.8578919172286987
        }
      },
      "13": {
        "lm_acc": 0.973455548286438,
        "probe_acc": 0.970122218132019,
        "lm_reach": 0.8925524353981018,
        "probe_reach": 0.9037504196166992,
        "probe_per_label": {
          "1": 1.0,
          "2": 0.9646745920181274,
          "3": 1.0,
          "4": 1.0,
          "5": 0.9037504196166992
        }
      },
      "14": {
        "lm_acc": 0.9732666611671448,
        "probe_acc": 0.9698888659477234,
        "lm_reach": 0.8923746943473816,
        "probe_reach": 0.8716672658920288,
        "probe_per_label": {
          "1": 1.0,
          "2": 0.9721531867980957,
          "3": 1.0,
          "4": 1.0,
          "5": 0.8716672658920288
        }
      },
      "15": {
        "lm_acc": 0.9732333421707153,
        "probe_acc": 0.9701777696609497,
        "lm_reach": 0.891930341720581,
        "probe_reach": 0.9300568699836731,
        "probe_per_label": {
          "1": 1.0,
          "2": 0.9582737684249878,
          "3": 1.0,
          "4": 1.0,
          "5": 0.9300568699836731
        }
      }
    }
  },
  "ABLATION_BASELINE": {
    "token_acc": 0.9677333235740662,
    "exact_acc": 0.07000000029802322,
    "per_label": {
      "1": 1.0,
      "2": 0.9786199927330017,
      "3": 1.0,
      "4": 1.0,
      "5": 0.8282971978187561
    },
    "act_steps": 16,
    "total_H_iters": 48,
    "by_step": {
      "0": {
        "lm_acc": 0.9626777768135071,
        "probe_acc": 0.9589889049530029,
        "lm_reach": 0.7779950499534607,
        "probe_reach": 0.8052790760993958,
        "probe_per_label": {
          "1": 1.0,
          "2": 0.9670061469078064,
          "3": 1.0,
          "4": 1.0,
          "5": 0.8052790760993958
        }
      },
      "1": {
        "lm_acc": 0.9663777947425842,
        "probe_acc": 0.9624555706977844,
        "lm_reach": 0.8247422575950623,
        "probe_reach": 0.8746889233589172,
        "probe_per_label": {
          "1": 1.0,
          "2": 0.9566900730133057,
          "3": 1.0,
          "4": 1.0,
          "5": 0.8746889233589172
        }
      },
      "2": {
        "lm_acc": 0.9679111242294312,
        "probe_acc": 0.9656111001968384,
        "lm_reach": 0.8319410085678101,
        "probe_reach": 0.9250800013542175,
        "probe_per_label": {
          "1": 1.0,
          "2": 0.950465202331543,
          "3": 1.0,
          "4": 1.0,
          "5": 0.9250800013542175
        }
      },
      "3": {
        "lm_acc": 0.9675999879837036,
        "probe_acc": 0.9651444554328918,
        "lm_reach": 0.8325631022453308,
        "probe_reach": 0.9198364615440369,
        "probe_per_label": {
          "1": 1.0,
          "2": 0.9508391618728638,
          "3": 1.0,
          "4": 1.0,
          "5": 0.9198364615440369
        }
      },
      "4": {
        "lm_acc": 0.9677222371101379,
        "probe_acc": 0.9653111100196838,
        "lm_reach": 0.8319410085678101,
        "probe_reach": 0.9298791289329529,
        "probe_per_label": {
          "1": 1.0,
          "2": 0.9486835598945618,
          "3": 1.0,
          "4": 1.0,