{
  "ABLATION_REDUCED_MLP": {
    "0": {
      "lm_acc": 0.9658888888888889,
      "reach": 0.8422642850795343
    },
    "1": {
      "lm_acc": 0.9743111111111111,
      "reach": 0.8999377943659469
    },
    "2": {
      "lm_acc": 0.9743333333333334,
      "reach": 0.8967386474717853
    },
    "3": {
      "lm_acc": 0.9739777777777778,
      "reach": 0.8954945347907225
    },
    "4": {
      "lm_acc": 0.9731888888888889,
      "reach": 0.8927397138540833
    },
    "5": {
      "lm_acc": 0.9733888888888889,
      "reach": 0.8937172309606327
    },
    "6": {
      "lm_acc": 0.9734333333333334,
      "reach": 0.8938060961521372
    },
    "7": {
      "lm_acc": 0.9733111111111111,
      "reach": 0.8934506353861192
    },
    "8": {
      "lm_acc": 0.9732555555555555,
      "reach": 0.8930063094285968
    },
    "9": {
      "lm_acc": 0.9732333333333333,
      "reach": 0.8928285790455879
    },
    "10": {
      "lm_acc": 0.9731555555555556,
      "reach": 0.8924731182795699
    },
    "11": {
      "lm_acc": 0.9731444444444445,
      "reach": 0.8924731182795699
    },
    "12": {
      "lm_acc": 0.9731222222222222,
      "reach": 0.8924731182795699
    },
    "13": {
      "lm_acc": 0.9731,
      "reach": 0.8924731182795699
    },
    "14": {
      "lm_acc": 0.9731333333333333,
      "reach": 0.8923842530880655
    },
    "15": {
      "lm_acc": 0.9731555555555556,
      "reach": 0.8923842530880655
    }
  }
}