{
  "ABLATION_BASELINE": {
    "h_cycle_0": {
      "total_acc": 0.0,
      "label_accs": {
        "1": 0.0,
        "2": 0.0,
        "3": 0.0,
        "4": 0.0,
        "5": 0.0
      },
      "dist_accs": {
        "0": 0.0,
        "2": 0.0,
        "4": 0.0,
        "6": 0.0,
        "8": 0.0,
        "10": 0.0,
        "12": 0.0,
        "14": 0.0,
        "16": 0.0,
        "18": 0.0,
        "20": 0.0,
        "22": 0.0,
        "24": 0.0,
        "26": 0.0,
        "28": 0.0,
        "30": 0.0,
        "32": 0.0,
        "34": 0.0,
        "36": 0.0,
        "38": 0.0,
        "40": 0.0,
        "42": 0.0,
        "44": 0.0,
        "46": 0.0,
        "48": 0.0,
        "50": 0.0,
        "52": 0.0,
        "54": 0.0,
        "56": 0.0,
        "58": 0.0
      },
      "n_newly_correct": 0,
      "avg_new_dist_from_start": -1,
      "median_new_dist_from_start": -1,
      "neighbor_cosine_sim": 0.9830359305143357,
      "distant_cosine_sim": 0.9808849790096283,
      "sim_ratio": 1.0021928682268935
    },
    "h_cycle_1": {
      "total_acc": 0.0011111111380159855,
      "label_accs": {
        "1": 0.0,
        "2": 0.0,
        "3": 0.0,
        "4": 1.0,
        "5": 0.0
      },
      "dist_accs": {
        "0": 0.0,
        "2": 0.0,
        "4": 0.0,
        "6": 0.0,
        "8": 0.0,
        "10": 0.0,
        "12": 0.0,
        "14": 0.0,
        "16": 0.0,
        "18": 0.0,
        "20": 0.0,
        "22": 0.0,
        "24": 0.0,
        "26": 0.0,
        "28": 0.0,
        "30": 0.0,
        "32": 0.0,
        "34": 0.0,
        "36": 0.0,
        "38": 0.0,
        "40": 0.0,
        "42": 0.0,
        "44": 0.0,
        "46": 0.0,
        "48": 0.0,
        "50": 0.0,
        "52": 0.0,
        "54": 0.0,
        "56": 0.0,
        "58": 0.0
      },
      "n_newly_correct": 32,
      "avg_new_dist_from_start": -1,
      "median_new_dist_from_start": -1,
      "neighbor_cosine_sim": 0.9804132297039032,
      "distant_cosine_sim": 0.9765960258245469,
      "sim_ratio": 1.003908682585651
    },
    "h_cycle_2": {
      "total_acc": 0.0011111111380159855,
      "label_accs": {
        "1": 0.0,
        "2": 0.0,
        "3": 0.0,
        "4": 1.0,
        "5": 0.0
      },
      "dist_accs": {
        "0": 0.0,
        "2": 0.0,
        "4": 0.0,
        "6": 0.0,
        "8": 0.0,
        "10": 0.0,
        "12": 0.0,
        "14": 0.0,
        "16": 0.0,
        "18": 0.0,
        "20": 0.0,
        "22": 0.0,
        "24": 0.0,
        "26": 0.0,
        "28": 0.0,
        "30": 0.0,
        "32": 0.0,
        "34": 0.0,
        "36": 0.0,
        "38": 0.0,
        "40": 0.0,
        "42": 0.0,
        "44": 0.0,
        "46": 0.0,
        "48": 0.0,
        "50": 0.0,
        "52": 0.0,
        "54": 0.0,
        "56": 0.0,
        "58": 0.0
      },
      "n_newly_correct": 0,
      "avg_new_dist_from_start": -1,
      "median_new_dist_from_start": -1,
      "neighbor_cosine_sim": 0.9870631098747253,
      "distant_cosine_sim": 0.9843401353359222,
      "sim_ratio": 1.0027662943336897
    }
  },
  "ABLATION_FULL_COMBO": {
    "h_cycle_0": {
      "total_acc": 6.944444612599909e-05,
      "label_accs": {
        "1": 0.0,
        "2": 0.0,
        "3": 0.0,
        "4": 0.0625,
        "5": 0.0
      },
      "dist_accs": {
        "0": 0.0,
        "2": 0.0,
        "4": 0.0,
        "6": 0.0,
        "8": 0.0,
        "10": 0.0,
        "12": 0.0,
        "14": 0.0,
        "16": 0.0,
        "18": 0.0,
        "20": 0.0,
        "22": 0.0,
        "24": 0.0,
        "26": 0.0,
        "28": 0.0,
        "30": 0.0,
        "32": 0.0,
        "34": 0.0,
        "36": 0.0,
        "38": 0.0,
        "40": 0.0,
        "42": 0.0,
        "44": 0.0,
        "46": 0.0,
        "48": 0.0,
        "50": 0.0,
        "52": 0.0,
        "54": 0.0,
        "56": 0.0,
        "58": 0.0
      },
      "n_newly_correct": 2,
      "avg_new_dist_from_start": -1,
      "median_new_dist_from_start": -1,
      "neighbor_cosine_sim": 0.9812044948339462,
      "distant_cosine_sim": 0.9768304831981659,
      "sim_ratio": 1.0044777591516798
    },
    "h_cycle_1": {
      "total_acc": 0.08673611283302307,
      "label_accs": {
        "1": 0.0,
        "2": 0.16942404210567474,
        "3": 0.0,
        "4": 0.9375,
        "5": 0.0
      },
      "dist_accs": {
        "0": 0.0731707289814949,
        "2": 0.2222222238779068,
        "4": 0.24571427702903748,
        "6": 0.24128687381744385,
        "8": 0.2544529139995575,
        "10": 0.27419355511665344,
        "12": 0.27571114897727966,
        "14": 0.2753623127937317,
        "16": 0.2442922294139862,
        "18": 0.2287735939025879,
        "20": 0.18518519401550293,
        "22": 0.19679632782936096,
        "24": 0.227678582072258,
        "26": 0.20286883413791656,
        "28": 0.13819576799869537,
        "30": 0.09259258955717087,
        "32": 0.09493670612573624,
        "34": 0.1014799177646637,
        "36": 0.08459869772195816,
        "38": 0.10169491171836853,
        "40": 0.08207343518733978,
        "42": 0.06437768042087555,
        "44": 0.06808510422706604,
        "46": 0.0893300250172615,
        "48": 0.08533333241939545,
        "50": 0.07407407462596893,
        "52": 0.06766917556524277,
        "54": 0.05511811003088951,
        "56": 0.06563706696033478,
        "58": 0.07894737273454666
      },
      "n_newly_correct": 2496,
      "avg_new_dist_from_start": 27.975206611570247,
      "median_new_dist_from_start": 22.0,
      "neighbor_cosine_sim": 0.9837668312788009,
      "distant_cosine_sim": 0.9809039907455445,
      "sim_ratio": 1.0029185736425443
    },
    "h_cycle_2": {
      "total_acc": 0.005451389122754335,
      "label_accs": {
        "1": 0.014877286739647388,
        "2": 0.0,
        "3": 0.0,
        "4": 0.0,
        "5": 0.0
      },
      "dist_accs": {
        "0": 0.0,
        "2": 0.0,
        "4": 0.0,
        "6": 0.0,
        "8": 0.0,
        "10": 0.0,
        "12": 0.0,
        "14": 0.0,
        "16": 0.0,
        "18": 0.0,
        "20": 0.0,
        "22": 0.0,
        "24": 0.0,
        "26": 0.0,
        "28": 0.0,
        "30": 0.0,
        "32": 0.0,
        "34": 0.0,
        "36": 0.0,
        "38": 0.0,
        "40": 0.0,
        "42": 0.0,
        "44": 0.0,
        "46": 0.0,
        "48": 0.0,
        "50": 0.0,
        "52": 0.0,
        "54": 0.0,
        "56": 0.0,
        "58": 0.0
      },
      "n_newly_correct": 157,
      "avg_new_dist_from_start": -1,
      "median_new_dist_from_start": -1,
      "neighbor_cosine_sim": 0.9913517451286316,
      "distant_cosine_sim": 0.9891608686447143,
      "sim_ratio": 1.002214883901462
    }
  },
  "ABLATION_REDUCED_MLP": {
    "h_cycle_0": {
      "total_acc": 0.0011111111380159855,
      "label_accs": {
        "1": 0.0,
        "2": 0.0,
        "3": 1.0,
        "4": 0.0,
        "5": 0.0
      },
      "dist_accs": {
        "0": 0.0,
        "2": 0.0,
        "4": 0.0,
        "6": 0.0,
        "8": 0.0,
        "10": 0.0,
        "12": 0.0,
        "14": 0.0,
        "16": 0.0,
        "18": 0.0,
        "20": 0.0,
        "22": 0.0,
        "24": 0.0,
        "26": 0.0,
        "28": 0.0,
        "30": 0.0,
        "32": 0.0,
        "34": 0.0,
        "36": 0.0,
        "38": 0.0,
        "40": 0.0,
        "42": 0.0,
        "44": 0.0,
        "46": 0.0,
        "48": 0.0,
        "50": 0.0,
        "52": 0.0,
        "54": 0.0,
        "56": 0.0,
        "58": 0.0
      },
      "n_newly_correct": 32,
      "avg_new_dist_from_start": -1,
      "median_new_dist_from_start": -1,
      "neighbor_cosine_sim": 0.9896067135334015,
      "distant_cosine_sim": 0.9891068302392959,
      "sim_ratio": 1.0005053885776773
    },
    "h_cycle_1": {
      "total_acc": 0.0011111111380159855,
      "label_accs": {
        "1": 0.0,
        "2": 0.0,
        "3": 1.0,
        "4": 0.0,
        "5": 0.0
      },
      "dist_accs": {
        "0": 0.0,
        "2": 0.0,