{
  "ABLATION_BASELINE": {
    "h_cycle_0": {
      "total_acc": 0.5051555633544922,
      "label_accs": {
        "1": 0.0,
        "2": 1.0,
        "3": 0.0,
        "4": 0.0,
        "5": 0.0
      },
      "dist_accs": {
        "0": 0.22191780805587769,
        "2": 0.5447667241096497,
        "4": 0.6341968774795532,
        "6": 0.668264627456665,
        "8": 0.6961130499839783,
        "10": 0.7273456454277039,
        "12": 0.7507553100585938,
        "14": 0.7681365609169006,
        "16": 0.7790777683258057,
        "18": 0.7776213884353638,
        "20": 0.7852256894111633,
        "22": 0.7899729013442993,
        "24": 0.7857142686843872,
        "26": 0.7873730063438416,
        "28": 0.7854491472244263,
        "30": 0.7842386960983276,
        "32": 0.7743754982948303,
        "34": 0.7683333158493042,
        "36": 0.7662116289138794,
        "38": 0.7803092002868652,
        "40": 0.7851912379264832,
        "42": 0.7884131073951721,
        "44": 0.7961888909339905,
        "46": 0.8098307847976685,
        "48": 0.801033616065979,
        "50": 0.8029064536094666,
        "52": 0.8042870163917542,
        "54": 0.7911975383758545,
        "56": 0.7803531885147095,
        "58": 0.7896475791931152,
        "60": 0.7814009785652161,
        "62": 0.7807692289352417,
        "64": 0.7863577604293823,
        "66": 0.7678062915802002,
        "68": 0.754807710647583,
        "70": 0.7487002015113831,
        "72": 0.7481883764266968,
        "74": 0.7575757503509521,
        "76": 0.7630161643028259,
        "78": 0.763059675693512
      },
      "n_newly_correct": 45464,
      "avg_new_dist": 46.893578550395205,
      "median_new_dist": 42.0,
      "z_H_norm_wall": 22.62725257873535,
      "z_H_norm_open": 22.627180099487305,
      "z_H_norm_reachable": 22.627206802368164
    },
    "h_cycle_1": {
      "total_acc": 0.5038889050483704,
      "label_accs": {
        "1": 3.022700548171997e-05,
        "2": 0.997470498085022,
        "3": 0.0,
        "4": 0.0,
        "5": 0.0
      },
      "dist_accs": {
        "0": 0.22191780805587769,
        "2": 0.5447667241096497,
        "4": 0.6341968774795532,
        "6": 0.6644295454025269,
        "8": 0.695229709148407,
        "10": 0.7273456454277039,
        "12": 0.7507553100585938,
        "14": 0.7667140960693359,
        "16": 0.7763248682022095,
        "18": 0.7769176363945007,
        "20": 0.7831737399101257,
        "22": 0.7865853905677795,
        "24": 0.7842998504638672,
        "26": 0.7859216332435608,
        "28": 0.7847067713737488,
        "30": 0.7834736108779907,
        "32": 0.7727639079093933,
        "34": 0.7649999856948853,
        "36": 0.7636518478393555,
        "38": 0.7803092002868652,
        "40": 0.7835638523101807,
        "42": 0.7858942151069641,
        "44": 0.7912179231643677,
        "46": 0.8049959540367126,
        "48": 0.7975882887840271,
        "50": 0.8019981980323792,
        "52": 0.8024231195449829,
        "54": 0.7881269454956055,
        "56": 0.7759382128715515,
        "58": 0.7852423191070557,
        "60": 0.7777777910232544,
        "62": 0.7730769515037537,
        "64": 0.7837837934494019,
        "66": 0.7649572491645813,
        "68": 0.7516025900840759,
        "70": 0.745233952999115,
        "72": 0.7463768124580383,
        "74": 0.7504456043243408,
        "76": 0.7630161643028259,
        "78": 0.7611940503120422
      },
      "n_newly_correct": 1,
      "avg_new_dist": -1.0,
      "median_new_dist": -1.0,
      "z_H_norm_wall": 22.627283096313477,
      "z_H_norm_open": 22.627321243286133,
      "z_H_norm_reachable": 22.627323150634766
    },
    "h_cycle_2": {
      "total_acc": 0.50282222032547,
      "label_accs": {
        "1": 0.007466070353984833,
        "2": 0.9899480938911438,
        "3": 0.0,
        "4": 0.0,
        "5": 0.0
      },
      "dist_accs": {
        "0": 0.22191780805587769,
        "2": 0.5397225618362427,
        "4": 0.6290155649185181,
        "6": 0.6625120043754578,
        "8": 0.6925795078277588,
        "10": 0.7273456454277039,
        "12": 0.7439576983451843,
        "14": 0.7624466419219971,
        "16": 0.7673778533935547,
        "18": 0.7712877988815308,
        "20": 0.7770177721977234,
        "22": 0.7811653017997742,
        "24": 0.7765204906463623,
        "26": 0.7779390215873718,
        "28": 0.7824795842170715,
        "30": 0.7788829207420349,
        "32": 0.7703465223312378,
        "34": 0.7591666579246521,
        "36": 0.7602388858795166,
        "38": 0.7778682112693787,
        "40": 0.781936526298523,
        "42": 0.7808564305305481,
        "44": 0.787075400352478,
        "46": 0.8017727732658386,
        "48": 0.7889750003814697,
        "50": 0.7910990118980408,
        "52": 0.7931034564971924,
        "54": 0.7809621095657349,
        "56": 0.7538631558418274,
        "58": 0.7588105797767639,
        "60": 0.759661853313446,
        "62": 0.7589743733406067,
        "64": 0.7644787430763245,
        "66": 0.7507122755050659,
        "68": 0.7387820482254028,
        "70": 0.7279029488563538,
        "72": 0.7373188138008118,
        "74": 0.7379679083824158,
        "76": 0.739676833152771,
        "78": 0.7481343150138855
      },
      "n_newly_correct": 254,
      "avg_new_dist": 19.0,
      "median_new_dist": 13.5,
      "z_H_norm_wall": 22.627317428588867,
      "z_H_norm_open": 22.62731170654297,
      "z_H_norm_reachable": 22.627330780029297
    }
  },
  "ABLATION_FULL_COMBO": {
    "h_cycle_0": {
      "total_acc": 0.0011111111380159855,
      "label_accs": {
        "1": 0.0,
        "2": 0.0,
        "3": 0.0,
        "4": 1.0,
        "5": 0.0
      },
      "dist_accs": {
        "0": 0.0,
        "2": 0.0,
        "4": 0.0,
        "6": 0.0,
        "8": 0.0,
        "10": 0.0,
        "12": 0.0,
        "14": 0.0,
        "16": 0.0,
        "18": 0.0,
        "20": 0.0,
        "22": 0.0,
        "24": 0.0,
        "26": 0.0,
        "28": 0.0,
        "30": 0.0,
        "32": 0.0,
        "34": 0.0,
        "36": 0.0,
        "38": 0.0,
        "40": 0.0,
        "42": 0.0,
        "44": 0.0,
        "46": 0.0,
        "48": 0.0,
        "50": 0.0,
        "52": 0.0,
        "54": 0.0,
        "56": 0.0,
        "58": 0.0,
        "60": 0.0,
        "62": 0.0,
        "64": 0.0,
        "66": 0.0,
        "68": 0.0,
        "70": 0.0,
        "72": 0.0,
        "74": 0.0,
        "76": 0.0,
        "78": 0.0
      },
      "n_newly_correct": 100,
      "avg_new_dist": -1.0,
      "median_new_dist": -1.0,
      "z_H_norm_wall": 22.627180099487305,
      "z_H_norm_open": 22.627037048339844,
      "z_H_norm_reachable": 22.62708282470703
    },
    "h_cycle_1": {
      "total_acc": 0.0,
      "label_accs": {
        "1": 0.0,
        "2": 0.0,
        "3": 0.0,
        "4": 0.0,
        "5": 0.0
      },
      "dist_accs": {
        "0": 0.0,
        "2": 0.0,
        "4": 0.0,
        "6": 0.0,
        "8": 0.0,
        "10": 0.0,
        "12": 0.0,
        "14": 0.0,
        "16": 0.0,
        "18": 0.0,
        "20": 0.0,
        "22": 0.0,
        "24": 0.0,
        "26": 0.0,
        "28": 0.0,
        "30": 0.0,
        "32": 0.0,
        "34": 0.0,
        "36": 0.0,
        "38": 0.0,
        "40": 0.0,
        "42": 0.0,
        "44": 0.0,
        "46": 0.0,
        "48": 0.0,
        "50": 0.0,
        "52": 0.0,
        "54": 0.0,
        "56": 0.0,
        "58": 0.0,
        "60": 0.0,
        "62": 0.0,
        "64": 0.0,
        "66": 0.0,
        "68": 0.0,
        "70": 0.0,
        "72": 0.0,
        "74": 0.0,
        "76": 0.0,
        "78": 0.0
      },
      "n_newly_correct": 0,
      "avg_new_dist": -1.0,
      "median_new_dist": -1.0,
      "z_H_norm_wall": 22.627330780029297,
      "z_H_norm_open": 22.627260208129883,
      "z_H_norm_reachable": 22.62726402282715
    },
    "h_cycle_2": {
      "total_acc": 0.0,
      "label_accs": {
        "1": 0.0,
        "2": 0.0,
        "3": 0.0,
        "4": 0.0,