{
  "ABLATION_FULL_COMBO": {
    "token_acc": 0.9623811111111111,
    "exact_acc": 0.166,
    "per_label": {
      "1": 1.0,
      "2": 0.962986081184943,
      "3": 1.0,
      "4": 1.0,
      "5": 0.8471902523129426
    }
  },
  "ABLATION_BASELINE": {
    "token_acc": 0.9497244444444445,
    "exact_acc": 0.002,
    "per_label": {
      "1": 1.0,
      "2": 0.9608736022319861,
      "3": 1.0,
      "4": 1.0,
      "5": 0.7544059225553018
    }
  },
  "ABLATION_REDUCED_MLP": {
    "token_acc": 0.9542244444444444,
    "exact_acc": 0.159,
    "per_label": {
      "1": 1.0,
      "2": 0.954060802075605,
      "3": 1.0,
      "4": 1.0,
      "5": 0.8176574622952568
    }
  }
}