{
  "ABLATION_FULL_COMBO": {
    "token_acc": 0.2485777777777778,
    "exact_acc": 0.0,
    "label_accs": {
      "1": 0.673832155823027,
      "2": 0.0,
      "3": 0.0,
      "4": 0.065,
      "5": 0.0
    },
    "h_cycle_0": {
      "linear_acc": 0.8749777674674988,
      "linear_per_label": {
        "1": 1.0,
        "2": 1.0,
        "3": 1.0,
        "4": 1.0,
        "5": 0.0
      },
      "mlp_acc": 0.8749777674674988,
      "mlp_per_label": {
        "1": 1.0,
        "2": 1.0,
        "3": 1.0,
        "4": 1.0,
        "5": 0.0
      }
    },
    "h_cycle_1": {
      "linear_acc": 0.8749777674674988,
      "linear_per_label": {
        "1": 1.0,
        "2": 1.0,
        "3": 1.0,
        "4": 1.0,
        "5": 0.0
      },
      "mlp_acc": 0.8749777674674988,
      "mlp_per_label": {
        "1": 1.0,
        "2": 1.0,
        "3": 1.0,
        "4": 1.0,
        "5": 0.0
      }
    },
    "h_cycle_2": {
      "linear_acc": 0.8749777674674988,
      "linear_per_label": {
        "1": 1.0,
        "2": 1.0,
        "3": 1.0,
        "4": 1.0,
        "5": 0.0
      },
      "mlp_acc": 0.8749777674674988,
      "mlp_per_label": {
        "1": 1.0,
        "2": 1.0,
        "3": 1.0,
        "4": 1.0,
        "5": 0.0
      }
    }
  },
  "ABLATION_BASELINE": {
    "token_acc": 1.1111111111111112e-05,
    "exact_acc": 0.0,
    "label_accs": {
      "1": 0.0,
      "2": 0.0,
      "3": 0.005,
      "4": 0.005,
      "5": 0.0
    },
    "h_cycle_0": {
      "linear_acc": 0.8749777674674988,
      "linear_per_label": {
        "1": 1.0,
        "2": 1.0,
        "3": 1.0,
        "4": 1.0,
        "5": 0.0
      },
      "mlp_acc": 0.8749777674674988,
      "mlp_per_label": {
        "1": 1.0,
        "2": 1.0,
        "3": 1.0,
        "4": 1.0,
        "5": 0.0
      }
    },
    "h_cycle_1": {
      "linear_acc": 0.8749666810035706,
      "linear_per_label": {
        "1": 1.0,
        "2": 1.0,
        "3": 0.9900000095367432,
        "4": 1.0,
        "5": 0.0
      },
      "mlp_acc": 0.8749777674674988,
      "mlp_per_label": {
        "1": 1.0,
        "2": 1.0,
        "3": 1.0,
        "4": 1.0,
        "5": 0.0
      }
    },
    "h_cycle_2": {
      "linear_acc": 0.8748888969421387,
      "linear_per_label": {
        "1": 1.0,
        "2": 1.0,
        "3": 0.9200000166893005,
        "4": 1.0,
        "5": 0.0
      },
      "mlp_acc": 0.8749777674674988,
      "mlp_per_label": {
        "1": 1.0,
        "2": 1.0,
        "3": 1.0,
        "4": 1.0,
        "5": 0.0
      }
    }
  },
  "ABLATION_REDUCED_MLP": {
    "token_acc": 0.0011111111111111111,
    "exact_acc": 0.0,
    "label_accs": {
      "1": 0.0,
      "2": 0.0,
      "3": 0.0,
      "4": 1.0,
      "5": 0.0
    },
    "h_cycle_0": {
      "linear_acc": 0.8749777674674988,
      "linear_per_label": {
        "1": 1.0,
        "2": 1.0,
        "3": 1.0,
        "4": 1.0,
        "5": 0.0
      },
      "mlp_acc": 0.8749777674674988,
      "mlp_per_label": {
        "1": 1.0,
        "2": 1.0,
        "3": 1.0,
        "4": 1.0,
        "5": 0.0
      }
    },
    "h_cycle_1": {
      "linear_acc": 0.8749777674674988,
      "linear_per_label": {
        "1": 1.0,
        "2": 1.0,
        "3": 1.0,
        "4": 1.0,
        "5": 0.0
      },
      "mlp_acc": 0.8749777674674988,
      "mlp_per_label": {
        "1": 1.0,
        "2": 1.0,
        "3": 1.0,
        "4": 1.0,
        "5": 0.0
      }
    },
    "h_cycle_2": {
      "linear_acc": 0.8749777674674988,
      "linear_per_label": {
        "1": 1.0,
        "2": 1.0,
        "3": 1.0,
        "4": 1.0,
        "5": 0.0
      },
      "mlp_acc": 0.8749777674674988,
      "mlp_per_label": {
        "1": 1.0,
        "2": 1.0,
        "3": 1.0,
        "4": 1.0,
        "5": 0.0
      }
    }
  }
}