{
  "tag": "7b_good_10_11",
  "config": [
    10,
    11
  ],
  "model": "/blue/cis4914/jietao/DeepPass/models/small/Qwen2-7B-Instruct",
  "bottleneck_dim": 256,
  "baseline": 0.5343899465628633,
  "pre_adapter": 0.7914545417560247,
  "pre_delta": 0.2570645951931614,
  "post_adapter": 0.6982376054568505,
  "post_delta": 0.16384765889398722,
  "adapter_gain": -0.09321693629917416,
  "adapter_params": 3670016,
  "adapter_pct": 0.04673783841409542,
  "steps": 200,
  "lr": 0.001,
  "final_loss": 0.017036257951986045,
  "losses": [
    9.57179668545723,
    5.11678783595562,
    3.7790813893079758,
    3.0981701463460922,
    2.651361033320427,
    2.2932650223374367,
    2.0811811685562134,
    1.9909383654594421,
    1.8189973086118698,
    1.739915892481804,
    1.7838732972741127,
    1.6472240388393402,
    1.545225627720356,
    1.5407921448349953,
    1.4703480824828148,
    1.5298154950141907,
    1.4663895964622498,
    1.329795029014349,
    1.602084830403328,
    1.2083951905369759,
    1.0963492095470428,
    1.169446762651205,
    1.1344089545309544,
    1.2005371153354645,
    1.1426934972405434,
    0.9671743884682655,
    0.9153569377958775,
    0.665307067334652,
    0.7530351467430592,
    0.6654211916029453,
    0.5424628630280495,
    0.43151899240911007,
    0.4931407328695059,
    0.43512746784836054,
    0.3135461015626788,
    0.2417372614145279,
    0.19112740363925695,
    0.12401720928028226,
    0.07635381142608821,
    0.08350138296373188,
    0.06165804958436638,
    0.1331208422780037,
    0.1201351871713996,
    0.08637000061571598,
    0.06518324348144233,
    0.06841941294260323,
    0.08234919508686289,
    0.07144388818414882,
    0.06706856878008693,
    0.04577717889333144,
    0.05503636674256995,
    0.07475544250337407,
    0.061017975327558815,
    0.05120801506564021,
    0.043412685045041144,
    0.03578442381694913,
    0.039239111938513815,
    0.040284849295858294,
    0.03307432355359197,
    0.03907711571082473,
    0.04560496209887788,
    0.04092219879385084,
    0.03473549213958904,
    0.040132861060556024,
    0.03044289501849562,
    0.07320515718311071,
    0.06204724928829819,
    0.09666660975199193,
    0.07209554105065763,
    0.05860414111521095,
    0.05997746012872085,
    0.08442366239614785,
    0.19828780624084175,
    0.1712780577945523,
    0.13580797624308616,
    0.10252920375205576,
    0.11075426085153595,
    0.25926778808934614,
    0.3924734864849597,
    0.41817951924167573,
    0.17192028719000518,
    0.1481265698093921,
    0.15652029332704842,
    0.14725779206492007,
    0.12366959045175463,
    0.0993454439449124,
    0.09430489939404652,
    0.16897020861506462,
    0.1665766186779365,
    0.07279949658550322,
    0.09159263939363882,
    0.07052046459284611,
    0.05838213750394061,
    0.06017267802963033,
    0.047875074204057455,
    0.09886410346371122,
    0.15278296088217758,
    0.15125831711338833,
    0.1506536194938235,
    0.12301355274394155,
    0.11152033705729991,
    0.11278647562721744,
    0.10529832553584129,
    0.09973148797871545,
    0.08388266537804157,
    0.07874379795975983,
    0.06573922676034272,
    0.04995832854183391,
    0.04607439530082047,
    0.04362029590993188,
    0.043349554762244225,
    0.040682518505491316,
    0.03937934470013715,
    0.04193275113357231,
    0.03702007883111946,
    0.0332305658957921,
    0.03141406911890954,
    0.03277611726662144,
    0.0322402378951665,
    0.029012161190621555,
    0.029098820697981864,
    0.027007198805222288,
    0.026802194654010236,
    0.027342410816345364,
    0.02795224150759168,
    0.030880814825650305,
    0.04051170049933717,
    0.05290536489337683,
    0.0699508996331133,
    0.07593635225202888,
    0.07742440473521128,
    0.06960332160815597,
    0.057378321420401335,
    0.04901270323898643,
    0.044111000810517,
    0.03945409914012998,
    0.03381275266292505,
    0.030717756424564868,
    0.027128213143441826,
    0.026856098440475762,
    0.026191979501163587,
    0.024952619016403332,
    0.028299511031946167,
    0.029093000339344144,
    0.029458523291395977,
    0.0266541083692573,
    0.027180909062735736,
    0.026947451871819794,
    0.02722649835050106,
    0.029616971005452797,
    0.02949338752659969,
    0.029899442510213703,
    0.024252889212220907,
    0.02331469760974869,
    0.021240352041786537,
    0.020653183630201966,
    0.021433842193800956,
    0.02193404230638407,
    0.023043182591209188,
    0.025055777427041903,
    0.024117366352584213,
    0.024877377931261435,
    0.02329649549210444,
    0.02227037533884868,
    0.021224091498879716,
    0.020922104886267334,
    0.020029794482979923,
    0.019518531509675086,
    0.01947539611137472,
    0.01927687016723212,
    0.019134903588565066,
    0.019690676359459758,
    0.019129353895550594,
    0.01934015325969085,
    0.019506988348439336,
    0.018737606587819755,
    0.019448659208137542,
    0.01783063636685256,
    0.018184113665483892,
    0.018241494370158762,
    0.018397272884612903,
    0.0182046209811233,
    0.018237158510601148,
    0.018262694648001343,
    0.017075279843993485,
    0.017766436983947642,
    0.017537327483296394,
    0.017408196697942913,
    0.017580483516212553,
    0.017957843258045614,
    0.017652879818342626,
    0.01670016476418823,
    0.017395839822711423,
    0.017968366359127685,
    0.017822199879446998,
    0.017489112418843433,
    0.01704574262839742,
    0.01774026348721236,
    0.01765568123664707,
    0.017036257951986045
  ]
}