{
  "tag": "7b_good_18_21",
  "config": [
    18,
    21
  ],
  "model": "/blue/cis4914/jietao/DeepPass/models/small/Qwen2-7B-Instruct",
  "bottleneck_dim": 256,
  "baseline": 0.5343899465628633,
  "pre_adapter": 0.7692787173218587,
  "pre_delta": 0.2348887707589954,
  "post_adapter": 0.7285430741477035,
  "post_delta": 0.19415312758484016,
  "adapter_gain": -0.040735643174155234,
  "adapter_params": 3670016,
  "adapter_pct": 0.04411893598519652,
  "steps": 200,
  "lr": 0.001,
  "final_loss": 0.01922255044337362,
  "losses": [
    11.765598833560944,
    5.007111385464668,
    5.186449766159058,
    3.729814514517784,
    2.959548704326153,
    2.6786894351243973,
    2.368587166070938,
    2.2165900841355324,
    2.1207540556788445,
    1.927172876894474,
    1.8092236146330833,
    1.777511864900589,
    1.673745036125183,
    1.6439629793167114,
    1.549026943743229,
    1.5762517340481281,
    1.5096794366836548,
    1.685386497527361,
    1.4789728373289108,
    1.5632565915584564,
    1.508151214569807,
    1.2716370485723019,
    1.4608073569834232,
    1.5653804242610931,
    1.4889732226729393,
    1.2130982875823975,
    1.522486574947834,
    1.3367245681583881,
    1.0943600051105022,
    1.056674387305975,
    0.9524824693799019,
    0.8985496088862419,
    0.9576551057398319,
    0.7039634138345718,
    0.7648165300488472,
    0.7549495920538902,
    0.6231313925236464,
    0.5247502792626619,
    0.4941584914922714,
    0.3954423936083913,
    0.36563345324248075,
    0.39953793957829475,
    0.3054080232977867,
    0.2513581356033683,
    0.19877402484416962,
    0.13454415858723223,
    0.09810403129085898,
    0.07430014526471496,
    0.05312514049001038,
    0.10985244018957019,
    0.21157634060364217,
    0.11752003862056881,
    0.12129276304040104,
    0.09181921067647636,
    0.08812474075239152,
    0.09050325001589954,
    0.08901688340120018,
    0.06906774285016581,
    0.056283394107595086,
    0.06357977050356567,
    0.07519331248477101,
    0.094051826861687,
    0.0905301688471809,
    0.07285773608600721,
    0.07672762987203896,
    0.06023486441699788,
    0.06039803539169952,
    0.07218248315621167,
    0.11753119889181107,
    0.12513725773897022,
    0.10411045979708433,
    0.07155648979824036,
    0.05620259291026741,
    0.05179360613692552,
    0.06472028861753643,
    0.0556264219339937,
    0.050012713589239866,
    0.07479778479319066,
    0.08798563992604613,
    0.07455434021539986,
    0.06547084834892303,
    0.058098120032809675,
    0.05397356522735208,
    0.05104379006661475,
    0.04886956338305026,
    0.04315506247803569,
    0.03555736067937687,
    0.035420943051576614,
    0.04431823629420251,
    0.05196633259765804,
    0.04734435584396124,
    0.041915288427844644,
    0.03949143213685602,
    0.03585756797110662,
    0.05656643060501665,
    0.12590372748672962,
    0.08070479496382177,
    0.07954498927574605,
    0.08176422514952719,
    0.0674554166616872,
    0.055396288516931236,
    0.04214520746609196,
    0.04356560087762773,
    0.0460306562599726,
    0.048756309028249234,
    0.0383080126484856,
    0.044468934705946594,
    0.054576223134063184,
    0.06004619464511052,
    0.0634715398773551,
    0.05747487995540723,
    0.0452511784969829,
    0.03283668973017484,
    0.03280006116256118,
    0.046250583487562835,
    0.07119623379549012,
    0.08527527016121894,
    0.08108546125004068,
    0.055937466910108924,
    0.04733864060835913,
    0.04802046460099518,
    0.04942802549339831,
    0.03952912532258779,
    0.03380465495865792,
    0.04028952261433005,
    0.0497416679863818,
    0.06157634826377034,
    0.06647475628415123,
    0.05523012441699393,
    0.04872189636807889,
    0.04354323586449027,
    0.03894607091206126,
    0.03790515070431866,
    0.0365443307091482,
    0.03887127636699006,
    0.03656367608346045,
    0.03803461306961253,
    0.036217989632859826,
    0.03424627622007392,
    0.032357991964090616,
    0.029563405318185687,
    0.026762667868752033,
    0.024030194676015526,
    0.025233606866095215,
    0.02432707167463377,
    0.02530108083738014,
    0.02488395312684588,
    0.02402428083587438,
    0.024018528289161623,
    0.025388263980858028,
    0.02404066821327433,
    0.02370660932501778,
    0.02406030846759677,
    0.02382127771852538,
    0.023467552731744945,
    0.02323156429338269,
    0.023209173523355275,
    0.023227649566251785,
    0.020982325571822003,
    0.021607363654766232,
    0.02070316081517376,
    0.020925785996951163,
    0.021082335704704747,
    0.021410393819678575,
    0.02084518491756171,
    0.020612151100067422,
    0.019487402343656868,
    0.019174756482243538,
    0.018762340652756393,
    0.01872663461836055,
    0.018847136350814253,
    0.018259609409142286,
    0.018922468676464632,
    0.019063154060859233,
    0.019320388179039583,
    0.01928522458183579,
    0.018297209084266797,
    0.018686059454921633,
    0.019250663433922455,
    0.01981941267149523,
    0.019304874178487808,
    0.019338819198310375,
    0.01980019107577391,
    0.019380801677471027,
    0.019261130888480693,
    0.01958215847844258,
    0.019201421964680776,
    0.01913589218747802,
    0.019431897555477917,
    0.018856374139431864,
    0.018866376485675573,
    0.0198651782120578,
    0.019230696168961003,
    0.019436964415945113,
    0.019167610094882548,
    0.018934618012281135,
    0.018836625415133312,
    0.01949445068021305,
    0.019349234527908266,
    0.01922255044337362
  ]
}