{
  "tag": "7b_bad_4_9",
  "config": [
    4,
    9
  ],
  "model": "/blue/cis4914/jietao/DeepPass/models/small/Qwen2-7B-Instruct",
  "bottleneck_dim": 256,
  "baseline": 0.5343899465628633,
  "pre_adapter": 0.27378283939065245,
  "pre_delta": -0.26060710717221086,
  "post_adapter": 0.6427065078195858,
  "post_delta": 0.10831656125672251,
  "adapter_gain": 0.36892366842893337,
  "adapter_params": 3670016,
  "adapter_pct": 0.041777955064685304,
  "steps": 200,
  "lr": 0.001,
  "final_loss": 0.03157761151669547,
  "losses": [
    9.18687754869461,
    6.022641226649284,
    5.125358134508133,
    3.832503616809845,
    3.298643246293068,
    2.886296845972538,
    2.5968908593058586,
    2.349910095334053,
    2.176635056734085,
    2.064030297100544,
    1.9610079899430275,
    1.801996298134327,
    1.7131989747285843,
    1.7188233137130737,
    1.6177427768707275,
    1.6477112472057343,
    1.6598993241786957,
    1.489468239247799,
    1.4762583635747433,
    1.4779011234641075,
    1.3782830908894539,
    1.2535167410969734,
    1.35561116412282,
    1.2932144589722157,
    1.17888742685318,
    1.1149369403719902,
    1.1320135593414307,
    0.9963642209768295,
    0.9334604069590569,
    0.8966297209262848,
    1.0333683341741562,
    1.0669639948755503,
    0.9587120600044727,
    0.890850979834795,
    0.7197817210108042,
    0.8895851857960224,
    0.949048763141036,
    0.7681045681238174,
    0.6665662582963705,
    0.6923225689679384,
    0.6516890320926905,
    0.6409717872738838,
    0.560347244143486,
    0.5371781978756189,
    0.5309271793812513,
    0.5547441523522139,
    0.4935083370655775,
    0.6206212807446718,
    0.4510382432490587,
    0.7079689502716064,
    0.7055832352489233,
    0.4794402625411749,
    0.6495950073003769,
    0.4968232735991478,
    0.4744216129183769,
    0.49358889274299145,
    0.3820366244763136,
    0.3629324957728386,
    0.36811291333287954,
    0.3300853157415986,
    0.4910325836390257,
    0.3745601810514927,
    0.3680897681042552,
    0.3443021336570382,
    0.2649098075926304,
    0.2853753939270973,
    0.22888975217938423,
    0.26722108852118254,
    0.30844500847160816,
    0.22717251535505056,
    0.19332928536459804,
    0.24173339921981096,
    0.18963371915742755,
    0.17867138842120767,
    0.18546892004087567,
    0.15608496917411685,
    0.1531798280775547,
    0.14579934487119317,
    0.1296985843218863,
    0.12729270476847887,
    0.12719251308590174,
    0.11518536787480116,
    0.11895579239353538,
    0.11005672463215888,
    0.10386540414765477,
    0.14989298628643155,
    0.12597018759697676,
    0.1713434625416994,
    0.16915813740342855,
    0.11014676000922918,
    0.106028126552701,
    0.1082861686591059,
    0.12823129259049892,
    0.12271555420011282,
    0.08899794635362923,
    0.11018752283416688,
    0.13087007333524525,
    0.10810503317043185,
    0.11465873406268656,
    0.13235174538567662,
    0.12726173736155033,
    0.12072059302590787,
    0.1432675551623106,
    0.09648283524438739,
    0.08966855285689235,
    0.08846777607686818,
    0.08109119953587651,
    0.07263029390014708,
    0.0702311375644058,
    0.06899087503552437,
    0.0636523854918778,
    0.07999369921162724,
    0.10610503680072725,
    0.07806639466434717,
    0.07004421087913215,
    0.07593695679679513,
    0.07738707982935011,
    0.09375177626498044,
    0.07894263183698058,
    0.0765692952554673,
    0.06536064110696316,
    0.057767963502556086,
    0.05595577089115977,
    0.06367370253428817,
    0.0689727405551821,
    0.06367576331831515,
    0.06324730720371008,
    0.062056001741439104,
    0.0584032388869673,
    0.05869747290853411,
    0.07283129566349089,
    0.09513509157113731,
    0.10289642913267016,
    0.07657122798264027,
    0.05906894709914923,
    0.058375477558001876,
    0.06445333384908736,
    0.0605882138479501,
    0.05727662984281778,
    0.056570485699921846,
    0.05644736811518669,
    0.04858940630219877,
    0.048058815009426326,
    0.0501363993389532,
    0.050172006245702505,
    0.0448091805446893,
    0.04526776011334732,
    0.04751003725687042,
    0.05093963269609958,
    0.04879726481158286,
    0.0477196890860796,
    0.0463836845010519,
    0.04602411267114803,
    0.043210498872213066,
    0.04071944626048207,
    0.040129938744939864,
    0.039545432082377374,
    0.038425659062340856,
    0.0388985353638418,
    0.03850786969996989,
    0.03748979023657739,
    0.03577933425549418,
    0.03512429754482582,
    0.03527795313857496,
    0.035427494265604764,
    0.03504819405497983,
    0.03461848455481231,
    0.034431091393344104,
    0.034369962639175355,
    0.03338171151699498,
    0.03412583121098578,
    0.033070257282815874,
    0.03331752878148109,
    0.03306927136145532,
    0.032633060414809734,
    0.032918878365308046,
    0.03262102324515581,
    0.03195331583265215,
    0.031771530164405704,
    0.031473952636588365,
    0.03197828179690987,
    0.03168503713095561,
    0.03125504608033225,
    0.03140684333629906,
    0.03189902298618108,
    0.03205278347013518,
    0.03129033144796267,
    0.03206332947593182,
    0.031365936738438904,
    0.031562845048028976,
    0.03132685786113143,
    0.031062479421962053,
    0.031825889949686825,
    0.03151752380654216,
    0.03078941279090941,
    0.03153657721122727,
    0.03140457603149116,
    0.03162932547274977,
    0.031913460697978735,
    0.03157761151669547
  ]
}