{
  "tag": "procrustes_good_10_11",
  "config": [
    10,
    11
  ],
  "model": "/blue/cis4914/jietao/DeepPass/models/small/Qwen2-7B-Instruct",
  "baseline": 0.5343899465628633,
  "identity_score": 0.7914545417560247,
  "identity_delta": 0.2570645951931614,
  "procrustes_score": 0.47033135541802745,
  "procrustes_delta": -0.06405859114483586,
  "adapter_gain": -0.32112318633799725,
  "is_good_config": true,
  "trainable_params": 0,
  "diagnostics": {
    "N_tokens": 601,
    "D_hidden": 3584,
    "svd_time_s": 70.85708904266357,
    "orth_error": 0.0001382542250212282,
    "det_R": 0.0,
    "R_minus_I_norm": 78.90947723388672,
    "R_minus_I_fro_normalized": 1.3180903052617965,
    "residual_before": 577.9568947587354,
    "residual_after": 314.706790765391,
    "reduction_pct": 45.54839753287078,
    "singular_values": {
      "min": 2.2707016468048096,
      "max": 3905998336.0,
      "mean": 1090673.0,
      "std": 65245108.0,
      "top5": [
        3905998336.0,
        262229.59375,
        199417.140625,
        97238.3359375,
        78562.875
      ],
      "bottom5": [
        30.238460540771484,
        22.476646423339844,
        14.280116081237793,
        9.504278182983398,
        2.2707016468048096
      ]
    }
  },
  "baseline_details": [
    0.3956160028990193,
    0.029397034156344603,
    0.03701438789037929,
    0.01985379261730403,
    0.8749999999999912,
    0.28571428565714446,
    0.9991906110886281,
    0.22222220317406585,
    0.999317082186229,
    0.23809523809523792,
    1.0,
    0.17446812673726006,
    0.58333275,
    1.0,
    1.0,
    0.6910176305042092
  ],
  "identity_details": [
    0.3961986257444975,
    0.3695786047329991,
    0.9982520804043014,
    0.08896652463723781,
    0.8749999124999737,
    0.8999999998200026,
    0.9991906110886281,
    0.9333332775735043,
    0.9222890910929541,
    0.8823529411764691,
    1.0,
    0.916640928272176,
    0.58333275,
    1.0,
    0.8,
    0.9981373210536506
  ],
  "procrustes_details": [
    0.4957763616607803,
    0.20618965902803799,
    0.24738063807670488,
    0.20014044687839247,
    0.49999995,
    0.7777321939195071,
    0.45002475136132486,
    0.7856862648940903,
    0.7486799596810629,
    0.8823529252941178,
    0.625,
    0.20066134381534725,
    0.4083329250004083,
    0.04736951571734,
    0.49995,
    0.45002475136132486
  ],
  "num_calibration_prompts": 50,
  "num_calibration_tokens": 601
}