{
  "tag": "procrustes_bad_4_9",
  "config": [
    4,
    9
  ],
  "model": "/blue/cis4914/jietao/DeepPass/models/small/Qwen2-7B-Instruct",
  "baseline": 0.5343899465628633,
  "identity_score": 0.27378283939065245,
  "identity_delta": -0.26060710717221086,
  "procrustes_score": 0.36808952572561476,
  "procrustes_delta": -0.16630042083724855,
  "adapter_gain": 0.09430668633496231,
  "is_good_config": false,
  "trainable_params": 0,
  "diagnostics": {
    "N_tokens": 601,
    "D_hidden": 3584,
    "svd_time_s": 72.00207018852234,
    "orth_error": 0.00013805383059661835,
    "det_R": -0.0,
    "R_minus_I_norm": 79.91902923583984,
    "R_minus_I_fro_normalized": 1.3349536878753694,
    "residual_before": 132140.31281198002,
    "residual_after": 123723.79367720465,
    "reduction_pct": 6.3693803621844625,
    "singular_values": {
      "min": 2.83229660987854,
      "max": 4266104320.0,
      "mean": 1191188.25,
      "std": 71260256.0,
      "top5": [
        4266104320.0,
        279587.5,
        207309.390625,
        104458.0859375,
        72765.046875
      ],
      "bottom5": [
        33.34899139404297,
        23.405838012695312,
        16.784072875976562,
        9.792337417602539,
        2.83229660987854
      ]
    }
  },
  "baseline_details": [
    0.3956160028990193,
    0.029397034156344603,
    0.03701438789037929,
    0.01985379261730403,
    0.8749999999999912,
    0.28571428565714446,
    0.9991906110886281,
    0.22222220317406585,
    0.999317082186229,
    0.23809523809523792,
    1.0,
    0.17446812673726006,
    0.58333275,
    1.0,
    1.0,
    0.6910176305042092
  ],
  "identity_details": [
    0.396198514002062,
    0.0,
    0.0,
    0.032838379907140336,
    0.8749999999999912,
    0.2603571449627813,
    0.3164167627835448,
    0.22215872258599448,
    0.1890651247902311,
    0.24193547951609592,
    0.0,
    0.16771165990313186,
    0.6350669450088899,
    0.10203059665908429,
    0.8,
    0.1417461001314923
  ],
  "procrustes_details": [
    0.4957763616607803,
    0.20618965902803799,
    0.24738063807670488,
    0.20014044687839247,
    0.49999995,
    0.4938271605,
    0.45002475136132486,
    0.16666666904721616,
    0.8125188425978424,
    0.48000000480000005,
    0.2186588921282799,
    0.20066134381534725,
    0.28571399999999997,
    0.18189894035458562,
    0.49995,
    0.45002475136132486
  ],
  "num_calibration_prompts": 50,
  "num_calibration_tokens": 601
}