{
  "baseline": {
    "math": 0.6828961554084862,
    "eq": 55.2237577174511,
    "combined": 61.75668662914987
  },
  "pre_k1": {
    "math": 0.6828961554084862,
    "eq": 55.2237577174511,
    "combined": 61.75668662914987
  },
  "pre_k2": {
    "math": 0.6193751178180743,
    "eq": 58.14224911675054,
    "combined": 60.03988044927898
  },
  "post_k1": {
    "math": 0.6828961554084862,
    "eq": 55.2237577174511,
    "combined": 61.75668662914987
  },
  "post_k2": {
    "math": 0.6071383856730612,
    "eq": 60.46942033464986,
    "combined": 60.59162945097799
  },
  "post_k3": {
    "math": 0.6210108139091863,
    "eq": 59.10092025180281,
    "combined": 60.60100082136073
  }
}