{
  "baseline": {
    "math": 0.6723633835669293,
    "eq": 58.889294866891305,
    "combined": 63.062816611792115
  },
  "pre_k1": {
    "math": 0.6723633835669293,
    "eq": 58.889294866891305,
    "combined": 63.062816611792115
  },
  "pre_k2": {
    "math": 0.6801942069898937,
    "eq": 55.820672404859394,
    "combined": 61.920046551924386
  },
  "post_k1": {
    "math": 0.6723633835669293,
    "eq": 58.889294866891305,
    "combined": 63.062816611792115
  },
  "post_k2": {
    "math": 0.551749436359879,
    "eq": 43.84137906072086,
    "combined": 49.508161348354385
  },
  "post_k3": {
    "math": 0.5362149322856881,
    "eq": 47.67908958704965,
    "combined": 50.650291407809235
  }
}