{
  "1": {
    "score": 0.5343899465628633,
    "n_passes": 1,
    "total_layers": 28,
    "dup_count": 0,
    "config": "(15,18)"
  },
  "2": {
    "score": 0.3901254876044844,
    "n_passes": 2,
    "total_layers": 31,
    "dup_count": 3,
    "config": "(15,18)"
  },
  "3": {
    "score": 0.3624162285033229,
    "n_passes": 3,
    "total_layers": 34,
    "dup_count": 6,
    "config": "(15,18)"
  },
  "4": {
    "score": 0.3797014881181413,
    "n_passes": 4,
    "total_layers": 37,
    "dup_count": 9,
    "config": "(15,18)"
  },
  "5": {
    "score": 0.33564651266627427,
    "n_passes": 5,
    "total_layers": 40,
    "dup_count": 12,
    "config": "(15,18)"
  }
}